player1,player2,playerid1,playerid2,deckcode1,deckcode2,characters1,characters2,score1,score2,week_game,isDrop,isBye,isTie,isIncluded,isMirror,server,matchNum,week,game
Ianradtan,crackselo,59,371,BEKiBO4RATLSB/ERCGLRTZgVDMLzizUZJKNDBR4hJkOxB+ghD2NxH+kiD+OBX/UmEOEB,FYDR6F4PJUBh9GATFrEBO2EeCaFw6pchE+IxHjMjFYJxR1ckJXEiDVsQDtFw1OcdDkAA,Maguu Kenki\\Sangonomiya Kokomi\\Shikanoin Heizou,Abyss Herald: Wicked Torrents\\Black Serpent Knight: Windcutter\\Faruzan,1,0,1\\1,,,,TRUE,FALSE,AS,1,1,1
Paroy,BOB,118,676,AbKgXC8OA7AC62gOBsCw7GwPCQBw8JcPFkBB9GQPGWExApMQCyJQarUmE6JhazYmDbAA,ITKzBFcVBMKhTZgZGqLRi74dJLJDzDUhIjPTBVwhD0NxB+ghD2OBH+kiEONBK/UjEaEB,Collei\\Fischl\\Tighnari,Black Serpent Knight: Windcutter\\Hydro Tulpa\\Maguu Kenki,0,1,1\\1,,,,TRUE,FALSE,AS,2,1,1
Oldbie is coming,UwUファン,669,62,G5Ah6cYOAqDB6sgPG0BR9LUPCFDg9p0UCcHQTL8YDKEQisEgE2JhBjYQIbHS1EQdDkAA,ABCxxEAMAEBhyUQMFJBA1oYTCIFgOJcPCkBB9DAQE4EBCDMTE7EwO78UC8LwXsEdDEAA,Arlecchino\\Golden Wolflord\\Zhongli,Eula\\Mona\\Sayu,1,0,1\\1,,,,TRUE,FALSE,AS,3,1,1
Kaizen,Prizm,69,642,FWDA9jEYEaHCihAZIVLCBhwgJWIiE1whDjKwHushDuLAOOwjD4IAR/AkD3JAa/QRDxAA,IRBR8RkPIECy9BgPIWGAlZcbCaJxAzMgEzIwBsYgDGJgOMojDIKgR9kkDXGSzFIcD8AA,Alhaitham\\Kuki Shinobu\\Nahida,Escoffier\\Hydro Tulpa\\Lyney,1,0,1\\1,,,,TRUE,FALSE,AS,4,1,1
可莉nukleer,Огурчик238,178,279,G5FB2hcOGbPBRVMPJ5Fz6mgPCqFx65gQFEES9TIRFHIyPDQUGrMya5QnHKKS1boeDkEB,FXDC6GEOAoBA8mAPBiAA9pcPCWFxOzMTE7Ex21cdFbJwR8EkDHISah0mJaEQ1OcdDkAA,Chiori\\Klee\\Navia,Jahoda\\Kuki Shinobu\\Sucrose,1,0,1\\1,,,,TRUE,FALSE,AS,5,1,1
SOMU,ChiKenz.,267,677,AbDB7FAOA8DA9JcPCkBA9aQPE1Ax9jMPFWFxO7kTG7GQldkdDbGS21IRJRHA1OsdDkAA,JoAi6AoPJUBi9GUPJlBQ9ZcPCWBx9jMdFbFx21ceDKFg6sYQDdGyDVsQDvFwr+caDvAA,Jadeplume Terrorshroom\\Keqing\\Kirara,Black Serpent Knight: Windcutter\\Hydro Hypostasis\\Ifa,1,0,1\\1,,,,TRUE,FALSE,AS,6,1,1
Ryssa,BYE,133,,FbAA7BwOA8DA9JcPCUBw9aQPClBB9lcPFWFxO7kZG1GQldkdDbGS21IRJRHA1OsdDkAA,,Jadeplume Terrorshroom\\Keqing\\Kirara,,1,,1\\1,,TRUE,,,FALSE,AS,7,1,1
Ark,GT-29,13,640,FzACwyAYHXHyhyMhItAx9OIPHkEgA50QCTHRiqsYGqGw6L0eE4JROTUjGJJRa4UmDLAA,AECy8WAPHRDg8kcPJkBi9GYPCWBw9pcTC7HQO8EdDLIwatsmI6Jwa+MmDrEw1OQdDkAA,All-Devouring Narwhal\\Chasca\\Skirk,Durin\\Mavuika\\Mona,0,1,1\\1,,,,TRUE,FALSE,AS,8,1,1
DarkShrine,Buer,28,349,IICi2zolJbBi5w0OIHDQ6JcOCYFxTFcUFcFxlbcZG1Fy2zQdI7FADcMQDNExDzgREzAA,IICw6CYPJSBi8mkPJkCS9A4TCbFwO5cdCrFA26QgEzIxBjMgDWLialsmDqFw1OcdDkAA,Black Serpent Knight: Windcutter\\Dahlia\\Ifa,Black Serpent Knight: Windcutter\\Hydro Tulpa\\Venti,1,0,1\\1,,,,TRUE,FALSE,AS,9,1,1
BOB,Kaizen,676,69,ITKzBFcVBMKhTZgZGqLRi74dJLJDzDUhIjPTBVwhD0NxB+ghD2OBH+kiEONBK/UjEaEB,FWDA9jEYEaHCihAZIVLCBhwgJWIiE1whDjKwHushDuLAOOwjD4IAR/AkD3JAa/QRDxAA,Black Serpent Knight: Windcutter\\Hydro Tulpa\\Maguu Kenki,Alhaitham\\Kuki Shinobu\\Nahida,0,1,1\\2,,,,TRUE,FALSE,AS,10,1,2
SOMU,Ryssa,267,133,AbDB7FAOA8DA9JcPCkBA9aQPE1Ax9jMPFWFxO7kTG7GQldkdDbGS21IRJRHA1OsdDkAA,FbAA7BwOA8DA9JcPCUBw9aQPClBB9lcPFWFxO7kZG1GQldkdDbGS21IRJRHA1OsdDkAA,Jadeplume Terrorshroom\\Keqing\\Kirara,Jadeplume Terrorshroom\\Keqing\\Kirara,1,0,1\\2,,,,TRUE,TRUE,AS,11,1,2
可莉nukleer,Buer,178,349,G5FB2hcOGbPBRVMPJ5Fz6mgPCqFx65gQFEES9TIRFHIyPDQUGrMya5QnHKKS1boeDkEB,IICw6CYPJSBi8mkPJkCS9A4TCbFwO5cdCrFA26QgEzIxBjMgDWLialsmDqFw1OcdDkAA,Chiori\\Klee\\Navia,Black Serpent Knight: Windcutter\\Hydro Tulpa\\Venti,0,1,1\\2,,,,TRUE,FALSE,AS,12,1,2
GT-29,Oldbie is coming,640,669,AECy8WAPHRDg8kcPJkBi9GYPCWBw9pcTC7HQO8EdDLIwatsmI6Jwa+MmDrEw1OQdDkAA,G5Ah6cYOAqDB6sgPG0BR9LUPCFDg9p0UCcHQTL8YDKEQisEgE2JhBjYQIbHS1EQdDkAA,Durin\\Mavuika\\Mona,Arlecchino\\Golden Wolflord\\Zhongli,0,1,1\\2,,,,TRUE,FALSE,AS,13,1,2
Paroy,UwUファン,118,62,AbKgXC8OA7AC62gOBsCw7GwPCQBw8JcPFkBB9GQPGWExApMQCyJQarUmE6JhazYmDbAA,ABCxxEAMAEBhyUQMFJBA1oYTCIFgOJcPCkBB9DAQE4EBCDMTE7EwO78UC8LwXsEdDEAA,Collei\\Fischl\\Tighnari,Eula\\Mona\\Sayu,0,1,1\\2,,,,TRUE,FALSE,AS,14,1,2
Prizm,BYE,642,,IRBR8RkPIECy9BgPIWGAlZcbCaJxAzMgEzIwBsYgDGJgOMojDIKgR9kkDXGSzFIcD8AA,,Escoffier\\Hydro Tulpa\\Lyney,,1,,1\\2,,TRUE,,,FALSE,AS,15,1,2
ChiKenz.,Огурчик238,677,279,JoAi6AoPJUBi9GUPJlBQ9ZcPCWBx9jMdFbFx21ceDKFg6sYQDdGyDVsQDvFwr+caDvAA,FXDC6GEOAoBA8mAPBiAA9pcPCWFxOzMTE7Ex21cdFbJwR8EkDHISah0mJaEQ1OcdDkAA,Black Serpent Knight: Windcutter\\Hydro Hypostasis\\Ifa,Jahoda\\Kuki Shinobu\\Sucrose,0,1,1\\2,,,,TRUE,FALSE,AS,16,1,2
Ianradtan,DarkShrine,59,28,BEKiBO4RATLSB/ERCGLRTZgVDMLzizUZJKNDBR4hJkOxB+ghD2NxH+kiD+OBX/UmEOEB,IICi2zolJbBi5w0OIHDQ6JcOCYFxTFcUFcFxlbcZG1Fy2zQdI7FADcMQDNExDzgREzAA,Maguu Kenki\\Sangonomiya Kokomi\\Shikanoin Heizou,Black Serpent Knight: Windcutter\\Dahlia\\Ifa,0,1,1\\2,,,,TRUE,FALSE,AS,17,1,2
Ark,crackselo,13,371,FzACwyAYHXHyhyMhItAx9OIPHkEgA50QCTHRiqsYGqGw6L0eE4JROTUjGJJRa4UmDLAA,FYDR6F4PJUBh9GATFrEBO2EeCaFw6pchE+IxHjMjFYJxR1ckJXEiDVsQDtFw1OcdDkAA,All-Devouring Narwhal\\Chasca\\Skirk,Abyss Herald: Wicked Torrents\\Black Serpent Knight: Windcutter\\Faruzan,1,0,1\\2,,,,TRUE,FALSE,AS,18,1,2
Paroy,ChiKenz.,118,677,AbKgXC8OA7AC62gOBsCw7GwPCQBw8JcPFkBB9GQPGWExApMQCyJQarUmE6JhazYmDbAA,JoAi6AoPJUBi9GUPJlBQ9ZcPCWBx9jMdFbFx21ceDKFg6sYQDdGyDVsQDvFwr+caDvAA,Collei\\Fischl\\Tighnari,Black Serpent Knight: Windcutter\\Hydro Hypostasis\\Ifa,0,1,1\\3,,,,TRUE,FALSE,AS,19,1,3
Ryssa,Огурчик238,133,279,FbAA7BwOA8DA9JcPCUBw9aQPClBB9lcPFWFxO7kZG1GQldkdDbGS21IRJRHA1OsdDkAA,FXDC6GEOAoBA8mAPBiAA9pcPCWFxOzMTE7Ex21cdFbJwR8EkDHISah0mJaEQ1OcdDkAA,Jadeplume Terrorshroom\\Keqing\\Kirara,Jahoda\\Kuki Shinobu\\Sucrose,1,0,1\\3,,,,TRUE,FALSE,AS,20,1,3
SOMU,Oldbie is coming,267,669,AbDB7FAOA8DA9JcPCkBA9aQPE1Ax9jMPFWFxO7kTG7GQldkdDbGS21IRJRHA1OsdDkAA,G5Ah6cYOAqDB6sgPG0BR9LUPCFDg9p0UCcHQTL8YDKEQisEgE2JhBjYQIbHS1EQdDkAA,Jadeplume Terrorshroom\\Keqing\\Kirara,Arlecchino\\Golden Wolflord\\Zhongli,1,0,1\\3,,,,TRUE,FALSE,AS,21,1,3
可莉nukleer,GT-29,178,640,G5FB2hcOGbPBRVMPJ5Fz6mgPCqFx65gQFEES9TIRFHIyPDQUGrMya5QnHKKS1boeDkEB,AECy8WAPHRDg8kcPJkBi9GYPCWBw9pcTC7HQO8EdDLIwatsmI6Jwa+MmDrEw1OQdDkAA,Chiori\\Klee\\Navia,Durin\\Mavuika\\Mona,1,0,1\\3,,,,TRUE,FALSE,AS,22,1,3
Kaizen,DarkShrine,69,28,FWDA9jEYEaHCihAZIVLCBhwgJWIiE1whDjKwHushDuLAOOwjD4IAR/AkD3JAa/QRDxAA,IICi2zolJbBi5w0OIHDQ6JcOCYFxTFcUFcFxlbcZG1Fy2zQdI7FADcMQDNExDzgREzAA,Alhaitham\\Kuki Shinobu\\Nahida,Black Serpent Knight: Windcutter\\Dahlia\\Ifa,1,0,1\\3,,,,TRUE,FALSE,AS,23,1,3
Ark,Prizm,13,642,FzACwyAYHXHyhyMhItAx9OIPHkEgA50QCTHRiqsYGqGw6L0eE4JROTUjGJJRa4UmDLAA,IRBR8RkPIECy9BgPIWGAlZcbCaJxAzMgEzIwBsYgDGJgOMojDIKgR9kkDXGSzFIcD8AA,All-Devouring Narwhal\\Chasca\\Skirk,Escoffier\\Hydro Tulpa\\Lyney,0,1,1\\3,,,,TRUE,FALSE,AS,24,1,3
Ianradtan,BYE,59,,BEKiBO4RATLSB/ERCGLRTZgVDMLzizUZJKNDBR4hJkOxB+ghD2NxH+kiD+OBX/UmEOEB,,Maguu Kenki\\Sangonomiya Kokomi\\Shikanoin Heizou,,1,,1\\3,,TRUE,,,FALSE,AS,25,1,3
Buer,crackselo,349,371,IICw6CYPJSBi8mkPJkCS9A4TCbFwO5cdCrFA26QgEzIxBjMgDWLialsmDqFw1OcdDkAA,FYDR6F4PJUBh9GATFrEBO2EeCaFw6pchE+IxHjMjFYJxR1ckJXEiDVsQDtFw1OcdDkAA,Black Serpent Knight: Windcutter\\Hydro Tulpa\\Venti,Abyss Herald: Wicked Torrents\\Black Serpent Knight: Windcutter\\Faruzan,1,0,1\\3,,,,TRUE,FALSE,AS,26,1,3
crackselo,BYE,371,,FYDR6F4PJUBh9GATFrEBO2EeCaFw6pchE+IxHjMjFYJxR1ckJXEiDVsQDtFw1OcdDkAA,,Abyss Herald: Wicked Torrents\\Black Serpent Knight: Windcutter\\Faruzan,,1,,1\\4,,TRUE,,,FALSE,AS,27,1,4
Prizm,Ryssa,642,133,IRBR8RkPIECy9BgPIWGAlZcbCaJxAzMgEzIwBsYgDGJgOMojDIKgR9kkDXGSzFIcD8AA,FbAA7BwOA8DA9JcPCUBw9aQPClBB9lcPFWFxO7kZG1GQldkdDbGS21IRJRHA1OsdDkAA,Escoffier\\Hydro Tulpa\\Lyney,Jadeplume Terrorshroom\\Keqing\\Kirara,1,0,1\\4,,,,TRUE,FALSE,AS,28,1,4
DarkShrine,可莉nukleer,28,178,IICi2zolJbBi5w0OIHDQ6JcOCYFxTFcUFcFxlbcZG1Fy2zQdI7FADcMQDNExDzgREzAA,G5FB2hcOGbPBRVMPJ5Fz6mgPCqFx65gQFEES9TIRFHIyPDQUGrMya5QnHKKS1boeDkEB,Black Serpent Knight: Windcutter\\Dahlia\\Ifa,Chiori\\Klee\\Navia,0,1,1\\4,,,,TRUE,FALSE,AS,29,1,4
Buer,BYE,349,,IICw6CYPJSBi8mkPJkCS9A4TCbFwO5cdCrFA26QgEzIxBjMgDWLialsmDqFw1OcdDkAA,,Black Serpent Knight: Windcutter\\Hydro Tulpa\\Venti,,1,,1\\4,,TRUE,,,FALSE,AS,30,1,4
Огурчик238,BYE,279,,FXDC6GEOAoBA8mAPBiAA9pcPCWFxOzMTE7Ex21cdFbJwR8EkDHISah0mJaEQ1OcdDkAA,,Jahoda\\Kuki Shinobu\\Sucrose,,1,,1\\4,,TRUE,,,FALSE,AS,31,1,4
Ianradtan,Oldbie is coming,59,669,BEKiBO4RATLSB/ERCGLRTZgVDMLzizUZJKNDBR4hJkOxB+ghD2NxH+kiD+OBX/UmEOEB,G5Ah6cYOAqDB6sgPG0BR9LUPCFDg9p0UCcHQTL8YDKEQisEgE2JhBjYQIbHS1EQdDkAA,Maguu Kenki\\Sangonomiya Kokomi\\Shikanoin Heizou,Arlecchino\\Golden Wolflord\\Zhongli,1,0,1\\4,,,,TRUE,FALSE,AS,32,1,4
Ark,Paroy,13,118,FzACwyAYHXHyhyMhItAx9OIPHkEgA50QCTHRiqsYGqGw6L0eE4JROTUjGJJRa4UmDLAA,AbKgXC8OA7AC62gOBsCw7GwPCQBw8JcPFkBB9GQPGWExApMQCyJQarUmE6JhazYmDbAA,All-Devouring Narwhal\\Chasca\\Skirk,Collei\\Fischl\\Tighnari,1,0,1\\4,,,,TRUE,FALSE,AS,33,1,4
Kaizen,SOMU,69,267,FWDA9jEYEaHCihAZIVLCBhwgJWIiE1whDjKwHushDuLAOOwjD4IAR/AkD3JAa/QRDxAA,AbDB7FAOA8DA9JcPCkBA9aQPE1Ax9jMPFWFxO7kTG7GQldkdDbGS21IRJRHA1OsdDkAA,Alhaitham\\Kuki Shinobu\\Nahida,Jadeplume Terrorshroom\\Keqing\\Kirara,0,1,1\\4,,,,TRUE,FALSE,AS,34,1,4
Ianradtan,Kaizen,59,69,BEKiBO4RATLSB/ERCGLRTZgVDMLzizUZJKNDBR4hJkOxB+ghD2NxH+kiD+OBX/UmEOEB,FWDA9jEYEaHCihAZIVLCBhwgJWIiE1whDjKwHushDuLAOOwjD4IAR/AkD3JAa/QRDxAA,Maguu Kenki\\Sangonomiya Kokomi\\Shikanoin Heizou,Alhaitham\\Kuki Shinobu\\Nahida,0,1,1\\5,,,,TRUE,FALSE,AS,35,1,5
SOMU,Buer,267,349,AbDB7FAOA8DA9JcPCkBA9aQPE1Ax9jMPFWFxO7kTG7GQldkdDbGS21IRJRHA1OsdDkAA,IICw6CYPJSBi8mkPJkCS9A4TCbFwO5cdCrFA26QgEzIxBjMgDWLialsmDqFw1OcdDkAA,Jadeplume Terrorshroom\\Keqing\\Kirara,Black Serpent Knight: Windcutter\\Hydro Tulpa\\Venti,0,1,1\\5,,,,TRUE,FALSE,AS,36,1,5
crackselo,Paroy,371,118,FYDR6F4PJUBh9GATFrEBO2EeCaFw6pchE+IxHjMjFYJxR1ckJXEiDVsQDtFw1OcdDkAA,AbKgXC8OA7AC62gOBsCw7GwPCQBw8JcPFkBB9GQPGWExApMQCyJQarUmE6JhazYmDbAA,Abyss Herald: Wicked Torrents\\Black Serpent Knight: Windcutter\\Faruzan,Collei\\Fischl\\Tighnari,1,0,1\\5,,,,TRUE,FALSE,AS,37,1,5
Огурчик238,GT-29,279,640,FXDC6GEOAoBA8mAPBiAA9pcPCWFxOzMTE7Ex21cdFbJwR8EkDHISah0mJaEQ1OcdDkAA,AECy8WAPHRDg8kcPJkBi9GYPCWBw9pcTC7HQO8EdDLIwatsmI6Jwa+MmDrEw1OQdDkAA,Jahoda\\Kuki Shinobu\\Sucrose,Durin\\Mavuika\\Mona,1,0,1\\5,,,,TRUE,FALSE,AS,38,1,5
Ark,Ryssa,13,133,FzACwyAYHXHyhyMhItAx9OIPHkEgA50QCTHRiqsYGqGw6L0eE4JROTUjGJJRa4UmDLAA,FbAA7BwOA8DA9JcPCUBw9aQPClBB9lcPFWFxO7kZG1GQldkdDbGS21IRJRHA1OsdDkAA,All-Devouring Narwhal\\Chasca\\Skirk,Jadeplume Terrorshroom\\Keqing\\Kirara,0,1,1\\5,,,,TRUE,FALSE,AS,39,1,5
DarkShrine,Oldbie is coming,28,669,IICi2zolJbBi5w0OIHDQ6JcOCYFxTFcUFcFxlbcZG1Fy2zQdI7FADcMQDNExDzgREzAA,G5Ah6cYOAqDB6sgPG0BR9LUPCFDg9p0UCcHQTL8YDKEQisEgE2JhBjYQIbHS1EQdDkAA,Black Serpent Knight: Windcutter\\Dahlia\\Ifa,Arlecchino\\Golden Wolflord\\Zhongli,0,1,1\\5,,,,TRUE,FALSE,AS,40,1,5
可莉nukleer,Prizm,178,642,G5FB2hcOGbPBRVMPJ5Fz6mgPCqFx65gQFEES9TIRFHIyPDQUGrMya5QnHKKS1boeDkEB,IRBR8RkPIECy9BgPIWGAlZcbCaJxAzMgEzIwBsYgDGJgOMojDIKgR9kkDXGSzFIcD8AA,Chiori\\Klee\\Navia,Escoffier\\Hydro Tulpa\\Lyney,0,1,1\\5,,,,TRUE,FALSE,AS,41,1,5
Buer,SOMU,349,267,AbDB7FAOA8DA9JcPCUBw9aQPClBB9jMPE2ExO7kTG7GQldkdDbGS21IRJRHA1OsdDkAA,AqCw9BMPHUFhApEUIcGyaBsWG4GSlRwZIVHC2ykdIrKSEx0hJDJAHukhDuGQEOoRDgAA,Jadeplume Terrorshroom\\Keqing\\Kirara,Bennett\\Noelle\\Xilonen,1,0,2\\1,,,,TRUE,FALSE,AS,42,2,1
Amnesia,Nukleer,317,178,IkHBA5kQJDGAO5cTE7ExilcYGaEylQAgIXLQB+UhDuJQHuYjDoJiR0UkJHJQXvQdD8AA,IoEh+O4gADKyHiUlH9ERCmQQG/FxD1gUFdGAacYWDJFgu9AbDbEC1FIdJEIwU/klHzAA,Flins\\Hydro Hilichurl Rogue\\Ineffa,Consecrated Horned Crocodile\\Gluttonous Yumkasaur Mountain King\\Mona,0,1,2\\1,,,,TRUE,FALSE,AS,43,2,1
DarkShrine,JatNad,28,64,HUHgCAsQG4HCO2YTJrFgipcYCqFAlaQcE0ExxDMcDLGgy8ohIeLSHjcmHrKQa/QRDwAA,A7DA6xwOFcAA7JcPCkBA9KQPE1Ax9TMPFWBx9lcTG7GRO7kZDVGQ29kdJbEi1FwdDkAA,Mavuika\\Mona\\Mualani,Jadeplume Terrorshroom\\Keqing\\Kirara,1,0,2\\1,,,,TRUE,FALSE,AS,44,2,1
Kaizen,kritan,69,75,FUDA9TEPEWDC9hsYIaGyihwZIVLCBlIgJWLAE+shDjKwHuwhDuLAOPAjD4IAR/QkD3AA,IqJS6BoQIUGx9ZgQFGIyTTQVFsJyllgcJKNDBDUhDTNhB8chDWKhDMsdDsISzUseFUEB,Alhaitham\\Kuki Shinobu\\Nahida,Escoffier\\Hydro Tulpa\\Lyney,0,1,2\\1,,,,TRUE,FALSE,AS,45,2,1
crackselo,Ianradtan,371,59,FYDR6F4PJUBh9GATFrEBO2EeCaFw6pchE+IxHjMjFYJxR1ckJXEiDVsQDtFw1OcdDkAA,BDKiBO4RAWLSB/EVCMLRTZgZJKJDizUcIqPTBVwhD0NxB+ghD2OBH+kiEONBX/UmEeEB,Abyss Herald: Wicked Torrents\\Black Serpent Knight: Windcutter\\Faruzan,Maguu Kenki\\Sangonomiya Kokomi\\Shikanoin Heizou,1,0,2\\1,,,,TRUE,FALSE,AS,46,2,1
Oldbie is coming,Ark,669,13,AbDB61AOA8DA7JcPCUBw9KQPE1Ax9TMPFWFxCFcTG7GRO7kZDVGQ29kdJbEiEVwdDkAA,JhAQ8RoPAzCg9FYPJkCC9mgPCWBw+JcPI4FCAzQQDTHiTFEUDsFwiucYDqGA2+gdD7AA,Jadeplume Terrorshroom\\Keqing\\Kirara,Fischl\\Jahoda\\Maguu Kenki,0,1,2\\1,,,,TRUE,FALSE,AS,47,2,1
Огурчик238,Linux,279,85,AkDQ4xkOHDBh9MgPHEGATIwUCMHAip0YCaHQ078dCzHx2zYdE7FiCzQQI7FC1B0dJEAA,IkEiOjwPF0AS9CUPF2Giij8YFKGBlUgZGFER6IEeG4JxXbclC9LRaoUmGKFQ1MQdDEAA,Albedo\\Arlecchino\\Dehya,Consecrated Fanged Beast\\Consecrated Horned Crocodile\\Consecrated Scorpion,1,0,2\\1,,,,TRUE,FALSE,AS,48,2,1
Paroy,BYE,118,,AXCi6AoOHoDS8mgPJkCB9PAPCWBw9pcQCoFBCFcTFbFyTDQUI8FA29sdJbIQaucmDqAA,,Fischl\\Ifa\\Shikanoin Heizou,,1,,2\\1,,TRUE,,,FALSE,AS,49,2,1
(´･ω･`),Ghosty,673,338,AdDw3jwlAsDw61sOBbCw7GsOBsCw8XgPCRBw9pcPFmBB/GQPC8JQasMmDKEwC80QDLAA,AHCx494OATBi5GYPJiBi8mcPJkBw9JcPE2EROzMTE7ExxJMcGUIwasEmDKEQDNsQI8AA,Collei\\Jadeplume Terrorshroom\\Kujou Sara,Klee\\Mavuika\\Mona,1,0,2\\1,,,,TRUE,FALSE,AS,50,2,1
Ryssa,Zen'in,133,175,IICw6CYPJSBi8mkPJkCS9A4TCbFwO5cdCrFA26QgEzIxBjMgDWLialsmDqFw1OcdDkAA,ABDR4hcOFiDB9CwPFGCB9kgWGIERaIEYC6FgirYZC1HR01gdGDJCHhwhIeHCaVIWDpAA,Black Serpent Knight: Windcutter\\Hydro Tulpa\\Venti,Furina\\Layla\\Sangonomiya Kokomi,1,0,2\\1,,,,TRUE,FALSE,AS,51,2,1
Kaka,UwUファン,655,62,AtDQ9BYPAEGyA2YTJrFwO2kYBqGQipcgE3IRBzEjE4IxRzMkGXIxapMmIaHQDO0QDsAA,FBAAxAYMAECxyUQMFJBA1oYTCIFgOJcPCkBB9DAQE4EBCDMTE7EwO78UC8LwXsEdDEAA,Albedo\\Klee\\Mona,Eula\\Mona\\Sayu,1,0,2\\1,,,,TRUE,FALSE,AS,52,2,1
Linux,BYE,85,,IkEiOjwPF0AS9CUPF2Giij8YFKGBlUgZGFER6IEeG4JxXbclC9LRaoUmGKFQ1MQdDEAA,,Consecrated Fanged Beast\\Consecrated Horned Crocodile\\Consecrated Scorpion,,1,,2\\2,,TRUE,,,FALSE,AS,53,2,2
Ark,Amnesia,13,317,JhAQ8RoPAzCg9FYPJkCC9mgPCWBw+JcPI4FCAzQQDTHiTFEUDsFwiucYDqGA2+gdD7AA,IkHBA5kQJDGAO5cTE7ExilcYGaEylQAgIXLQB+UhDuJQHuYjDoJiR0UkJHJQXvQdD8AA,Fischl\\Jahoda\\Maguu Kenki,Flins\\Hydro Hilichurl Rogue\\Ineffa,0,1,2\\2,,,,TRUE,FALSE,AS,54,2,2
Oldbie is coming,Ghosty,669,338,AbDB61AOA8DA7JcPCUBw9KQPE1Ax9TMPFWFxCFcTG7GRO7kZDVGQ29kdJbEiEVwdDkAA,AHCx494OATBi5GYPJiBi8mcPJkBw9JcPE2EROzMTE7ExxJMcGUIwasEmDKEQDNsQI8AA,Jadeplume Terrorshroom\\Keqing\\Kirara,Klee\\Mavuika\\Mona,1,0,2\\2,,,,TRUE,FALSE,AS,55,2,2
UwUファン,Zen'in,62,175,FBAAxAYMAECxyUQMFJBA1oYTCIFgOJcPCkBB9DAQE4EBCDMTE7EwO78UC8LwXsEdDEAA,ABDR4hcOFiDB9CwPFGCB9kgWGIERaIEYC6FgirYZC1HR01gdGDJCHhwhIeHCaVIWDpAA,Eula\\Mona\\Sayu,Furina\\Layla\\Sangonomiya Kokomi,0,1,2\\2,,,,TRUE,FALSE,AS,56,2,2
crackselo,Ryssa,371,133,FYDR6F4PJUBh9GATFrEBO2EeCaFw6pchE+IxHjMjFYJxR1ckJXEiDVsQDtFw1OcdDkAA,IICw6CYPJSBi8mkPJkCS9A4TCbFwO5cdCrFA26QgEzIxBjMgDWLialsmDqFw1OcdDkAA,Abyss Herald: Wicked Torrents\\Black Serpent Knight: Windcutter\\Faruzan,Black Serpent Knight: Windcutter\\Hydro Tulpa\\Venti,1,0,2\\2,,,,TRUE,FALSE,AS,57,2,2
JatNad,SOMU,64,267,A7DA6xwOFcAA7JcPCkBA9KQPE1Ax9TMPFWBx9lcTG7GRO7kZDVGQ29kdJbEi1FwdDkAA,AqCw9BMPHUFhApEUIcGyaBsWG4GSlRwZIVHC2ykdIrKSEx0hJDJAHukhDuGQEOoRDgAA,Jadeplume Terrorshroom\\Keqing\\Kirara,Bennett\\Noelle\\Xilonen,1,0,2\\2,,,,TRUE,FALSE,AS,58,2,2
kritan,Nukleer,75,178,IqJS6BoQIUGx9ZgQFGIyTTQVFsJyllgcJKNDBDUhDTNhB8chDWKhDMsdDsISzUseFUEB,IoEh+O4gADKyHiUlH9ERCmQQG/FxD1gUFdGAacYWDJFgu9AbDbEC1FIdJEIwU/klHzAA,Escoffier\\Hydro Tulpa\\Lyney,Consecrated Horned Crocodile\\Gluttonous Yumkasaur Mountain King\\Mona,0,1,2\\2,,,,TRUE,FALSE,AS,59,2,2
Paroy,DarkShrine,118,28,AXCi6AoOHoDS8mgPJkCB9PAPCWBw9pcQCoFBCFcTFbFyTDQUI8FA29sdJbIQaucmDqAA,HUHgCAsQG4HCO2YTJrFgipcYCqFAlaQcE0ExxDMcDLGgy8ohIeLSHjcmHrKQa/QRDwAA,Fischl\\Ifa\\Shikanoin Heizou,Mavuika\\Mona\\Mualani,0,1,2\\2,,,,TRUE,FALSE,AS,60,2,2
Огурчик238,Kaka,279,655,AkDQ4xkOHDBh9MgPHEGATIwUCMHAip0YCaHQ078dCzHx2zYdE7FiCzQQI7FC1B0dJEAA,AtDQ9BYPAEGyA2YTJrFwO2kYBqGQipcgE3IRBzEjE4IxRzMkGXIxapMmIaHQDO0QDsAA,Albedo\\Arlecchino\\Dehya,Albedo\\Klee\\Mona,0,1,2\\2,,,,TRUE,FALSE,AS,61,2,2
Kaizen,Ianradtan,69,59,FUDA9TEPEWDC9hsYIaGyihwZIVLCBlIgJWLAE+shDjKwHuwhDuLAOPAjD4IAR/QkD3AA,BDKiBO4RAWLSB/EVCMLRTZgZJKJDizUcIqPTBVwhD0NxB+ghD2OBH+kiEONBX/UmEeEB,Alhaitham\\Kuki Shinobu\\Nahida,Maguu Kenki\\Sangonomiya Kokomi\\Shikanoin Heizou,0,1,2\\2,,,,TRUE,FALSE,AS,62,2,2
Buer,(´･ω･`),349,673,AbDB7FAOA8DA9JcPCUBw9aQPClBB9jMPE2ExO7kTG7GQldkdDbGS21IRJRHA1OsdDkAA,AdDw3jwlAsDw61sOBbCw7GsOBsCw8XgPCRBw9pcPFmBB/GQPC8JQasMmDKEwC80QDLAA,Jadeplume Terrorshroom\\Keqing\\Kirara,Collei\\Jadeplume Terrorshroom\\Kujou Sara,0,1,2\\2,,,,TRUE,FALSE,AS,63,2,2
Kaizen,Ghosty,69,338,FUDA9TEPEWDC9hsYIaGyihwZIVLCBlIgJWLAE+shDjKwHuwhDuLAOPAjD4IAR/QkD3AA,AHCx494OATBi5GYPJiBi8mcPJkBw9JcPE2EROzMTE7ExxJMcGUIwasEmDKEQDNsQI8AA,Alhaitham\\Kuki Shinobu\\Nahida,Klee\\Mavuika\\Mona,0,1,2\\3,,,,TRUE,FALSE,AS,64,2,3
DarkShrine,Nukleer,28,178,HUHgCAsQG4HCO2YTJrFgipcYCqFAlaQcE0ExxDMcDLGgy8ohIeLSHjcmHrKQa/QRDwAA,IoEh+O4gADKyHiUlH9ERCmQQG/FxD1gUFdGAacYWDJFgu9AbDbEC1FIdJEIwU/klHzAA,Mavuika\\Mona\\Mualani,Consecrated Horned Crocodile\\Gluttonous Yumkasaur Mountain King\\Mona,1,0,2\\3,,,,TRUE,FALSE,AS,65,2,3
Ianradtan,Ark,59,13,BDKiBO4RAWLSB/EVCMLRTZgZJKJDizUcIqPTBVwhD0NxB+ghD2OBH+kiEONBX/UmEeEB,JhAQ8RoPAzCg9FYPJkCC9mgPCWBw+JcPI4FCAzQQDTHiTFEUDsFwiucYDqGA2+gdD7AA,Maguu Kenki\\Sangonomiya Kokomi\\Shikanoin Heizou,Fischl\\Jahoda\\Maguu Kenki,0,1,2\\3,,,,TRUE,FALSE,AS,66,2,3
Amnesia,Paroy,317,118,IkHBA5kQJDGAO5cTE7ExilcYGaEylQAgIXLQB+UhDuJQHuYjDoJiR0UkJHJQXvQdD8AA,AXCi6AoOHoDS8mgPJkCB9PAPCWBw9pcQCoFBCFcTFbFyTDQUI8FA29sdJbIQaucmDqAA,Flins\\Hydro Hilichurl Rogue\\Ineffa,Fischl\\Ifa\\Shikanoin Heizou,0,1,2\\3,,,,TRUE,FALSE,AS,67,2,3
crackselo,Kaka,371,655,FYDR6F4PJUBh9GATFrEBO2EeCaFw6pchE+IxHjMjFYJxR1ckJXEiDVsQDtFw1OcdDkAA,AtDQ9BYPAEGyA2YTJrFwO2kYBqGQipcgE3IRBzEjE4IxRzMkGXIxapMmIaHQDO0QDsAA,Abyss Herald: Wicked Torrents\\Black Serpent Knight: Windcutter\\Faruzan,Albedo\\Klee\\Mona,0,1,2\\3,,,,TRUE,FALSE,AS,68,2,3
Ryssa,BYE,133,,IICw6CYPJSBi8mkPJkCS9A4TCbFwO5cdCrFA26QgEzIxBjMgDWLialsmDqFw1OcdDkAA,,Black Serpent Knight: Windcutter\\Hydro Tulpa\\Venti,,1,,2\\3,,TRUE,,,FALSE,AS,69,2,3
kritan,Linux,75,85,IqJS6BoQIUGx9ZgQFGIyTTQVFsJyllgcJKNDBDUhDTNhB8chDWKhDMsdDsISzUseFUEB,IkEiOjwPF0AS9CUPF2Giij8YFKGBlUgZGFER6IEeG4JxXbclC9LRaoUmGKFQ1MQdDEAA,Escoffier\\Hydro Tulpa\\Lyney,Consecrated Fanged Beast\\Consecrated Horned Crocodile\\Consecrated Scorpion,1,0,2\\3,,,,TRUE,FALSE,AS,70,2,3
Oldbie is coming,Zen'in,669,175,AbDB61AOA8DA7JcPCUBw9KQPE1Ax9TMPFWFxCFcTG7GRO7kZDVGQ29kdJbEiEVwdDkAA,ABDR4hcOFiDB9CwPFGCB9kgWGIERaIEYC6FgirYZC1HR01gdGDJCHhwhIeHCaVIWDpAA,Jadeplume Terrorshroom\\Keqing\\Kirara,Furina\\Layla\\Sangonomiya Kokomi,1,0,2\\3,,,,TRUE,FALSE,AS,71,2,3
JatNad,UwUファン,64,62,A7DA6xwOFcAA7JcPCkBA9KQPE1Ax9TMPFWBx9lcTG7GRO7kZDVGQ29kdJbEi1FwdDkAA,FBAAxAYMAECxyUQMFJBA1oYTCIFgOJcPCkBB9DAQE4EBCDMTE7EwO78UC8LwXsEdDEAA,Jadeplume Terrorshroom\\Keqing\\Kirara,Eula\\Mona\\Sayu,1,0,2\\3,,,,TRUE,FALSE,AS,72,2,3
(´･ω･`),Огурчик238,673,279,AdDw3jwlAsDw61sOBbCw7GsOBsCw8XgPCRBw9pcPFmBB/GQPC8JQasMmDKEwC80QDLAA,AkDQ4xkOHDBh9MgPHEGATIwUCMHAip0YCaHQ078dCzHx2zYdE7FiCzQQI7FC1B0dJEAA,Collei\\Jadeplume Terrorshroom\\Kujou Sara,Albedo\\Arlecchino\\Dehya,0,1,2\\3,,,,TRUE,FALSE,AS,73,2,3
Linux,BYE,85,,IkEiOjwPF0AS9CUPF2Giij8YFKGBlUgZGFER6IEeG4JxXbclC9LRaoUmGKFQ1MQdDEAA,,Consecrated Fanged Beast\\Consecrated Horned Crocodile\\Consecrated Scorpion,,1,,2\\4,,TRUE,,,FALSE,AS,74,2,4
Ghosty,UwUファン,338,62,AHCx494OATBi5GYPJiBi8mcPJkBw9JcPE2EROzMTE7ExxJMcGUIwasEmDKEQDNsQI8AA,FBAAxAYMAECxyUQMFJBA1oYTCIFgOJcPCkBB9DAQE4EBCDMTE7EwO78UC8LwXsEdDEAA,Klee\\Mavuika\\Mona,Eula\\Mona\\Sayu,1,0,2\\4,,,,TRUE,FALSE,AS,75,2,4
Kaka,DarkShrine,655,28,AtDQ9BYPAEGyA2YTJrFwO2kYBqGQipcgE3IRBzEjE4IxRzMkGXIxapMmIaHQDO0QDsAA,HUHgCAsQG4HCO2YTJrFgipcYCqFAlaQcE0ExxDMcDLGgy8ohIeLSHjcmHrKQa/QRDwAA,Albedo\\Klee\\Mona,Mavuika\\Mona\\Mualani,1,0,2\\4,,,,TRUE,FALSE,AS,76,2,4
Oldbie is coming,Nukleer,669,178,AbDB61AOA8DA7JcPCUBw9KQPE1Ax9TMPFWFxCFcTG7GRO7kZDVGQ29kdJbEiEVwdDkAA,IoEh+O4gADKyHiUlH9ERCmQQG/FxD1gUFdGAacYWDJFgu9AbDbEC1FIdJEIwU/klHzAA,Jadeplume Terrorshroom\\Keqing\\Kirara,Consecrated Horned Crocodile\\Gluttonous Yumkasaur Mountain King\\Mona,1,0,2\\4,,,,TRUE,FALSE,AS,77,2,4
crackselo,JatNad,371,64,FYDR6F4PJUBh9GATFrEBO2EeCaFw6pchE+IxHjMjFYJxR1ckJXEiDVsQDtFw1OcdDkAA,A7DA6xwOFcAA7JcPCkBA9KQPE1Ax9TMPFWBx9lcTG7GRO7kZDVGQ29kdJbEi1FwdDkAA,Abyss Herald: Wicked Torrents\\Black Serpent Knight: Windcutter\\Faruzan,Jadeplume Terrorshroom\\Keqing\\Kirara,0,1,2\\4,,,,TRUE,FALSE,AS,78,2,4
kritan,Ryssa,75,133,IqJS6BoQIUGx9ZgQFGIyTTQVFsJyllgcJKNDBDUhDTNhB8chDWKhDMsdDsISzUseFUEB,IICw6CYPJSBi8mkPJkCS9A4TCbFwO5cdCrFA26QgEzIxBjMgDWLialsmDqFw1OcdDkAA,Escoffier\\Hydro Tulpa\\Lyney,Black Serpent Knight: Windcutter\\Hydro Tulpa\\Venti,0,1,2\\4,,,,TRUE,FALSE,AS,79,2,4
Paroy,(´･ω･`),118,673,AXCi6AoOHoDS8mgPJkCB9PAPCWBw9pcQCoFBCFcTFbFyTDQUI8FA29sdJbIQaucmDqAA,AdDw3jwlAsDw61sOBbCw7GsOBsCw8XgPCRBw9pcPFmBB/GQPC8JQasMmDKEwC80QDLAA,Fischl\\Ifa\\Shikanoin Heizou,Collei\\Jadeplume Terrorshroom\\Kujou Sara,1,0,2\\4,,,,TRUE,FALSE,AS,80,2,4
Ianradtan,Zen'in,59,175,BDKiBO4RAWLSB/EVCMLRTZgZJKJDizUcIqPTBVwhD0NxB+ghD2OBH+kiEONBX/UmEeEB,ABDR4hcOFiDB9CwPFGCB9kgWGIERaIEYC6FgirYZC1HR01gdGDJCHhwhIeHCaVIWDpAA,Maguu Kenki\\Sangonomiya Kokomi\\Shikanoin Heizou,Furina\\Layla\\Sangonomiya Kokomi,0,1,2\\4,,,,TRUE,FALSE,AS,81,2,4
Ark,Огурчик238,13,279,JhAQ8RoPAzCg9FYPJkCC9mgPCWBw+JcPI4FCAzQQDTHiTFEUDsFwiucYDqGA2+gdD7AA,AkDQ4xkOHDBh9MgPHEGATIwUCMHAip0YCaHQ078dCzHx2zYdE7FiCzQQI7FC1B0dJEAA,Fischl\\Jahoda\\Maguu Kenki,Albedo\\Arlecchino\\Dehya,0,1,2\\4,,,,TRUE,FALSE,AS,82,2,4
Ark,Ghosty,13,338,JhAQ8RoPAzCg9FYPJkCC9mgPCWBw+JcPI4FCAzQQDTHiTFEUDsFwiucYDqGA2+gdD7AA,AHCx494OATBi5GYPJiBi8mcPJkBw9JcPE2EROzMTE7ExxJMcGUIwasEmDKEQDNsQI8AA,Fischl\\Jahoda\\Maguu Kenki,Klee\\Mavuika\\Mona,1,0,2\\5,,,,TRUE,FALSE,AS,83,2,5
Linux,UwUファン,85,62,IkEiOjwPF0AS9CUPF2Giij8YFKGBlUgZGFER6IEeG4JxXbclC9LRaoUmGKFQ1MQdDEAA,FBAAxAYMAECxyUQMFJBA1oYTCIFgOJcPCkBB9DAQE4EBCDMTE7EwO78UC8LwXsEdDEAA,Consecrated Fanged Beast\\Consecrated Horned Crocodile\\Consecrated Scorpion,Eula\\Mona\\Sayu,1,0,2\\5,,,,TRUE,FALSE,AS,84,2,5
Огурчик238,DarkShrine,279,28,AkDQ4xkOHDBh9MgPHEGATIwUCMHAip0YCaHQ078dCzHx2zYdE7FiCzQQI7FC1B0dJEAA,HUHgCAsQG4HCO2YTJrFgipcYCqFAlaQcE0ExxDMcDLGgy8ohIeLSHjcmHrKQa/QRDwAA,Albedo\\Arlecchino\\Dehya,Mavuika\\Mona\\Mualani,1,0,2\\5,,,,TRUE,FALSE,AS,85,2,5
Nukleer,(´･ω･`),178,673,IoEh+O4gADKyHiUlH9ERCmQQG/FxD1gUFdGAacYWDJFgu9AbDbEC1FIdJEIwU/klHzAA,AdDw3jwlAsDw61sOBbCw7GsOBsCw8XgPCRBw9pcPFmBB/GQPC8JQasMmDKEwC80QDLAA,Consecrated Horned Crocodile\\Gluttonous Yumkasaur Mountain King\\Mona,Collei\\Jadeplume Terrorshroom\\Kujou Sara,0,1,2\\5,,,,TRUE,FALSE,AS,86,2,5
Paroy,Ryssa,118,133,AXCi6AoOHoDS8mgPJkCB9PAPCWBw9pcQCoFBCFcTFbFyTDQUI8FA29sdJbIQaucmDqAA,IICw6CYPJSBi8mkPJkCS9A4TCbFwO5cdCrFA26QgEzIxBjMgDWLialsmDqFw1OcdDkAA,Fischl\\Ifa\\Shikanoin Heizou,Black Serpent Knight: Windcutter\\Hydro Tulpa\\Venti,1,0,2\\5,,,,TRUE,FALSE,AS,87,2,5
Ianradtan,BYE,59,,BDKiBO4RAWLSB/EVCMLRTZgZJKJDizUcIqPTBVwhD0NxB+ghD2OBH+kiEONBX/UmEeEB,,Maguu Kenki\\Sangonomiya Kokomi\\Shikanoin Heizou,,1,,2\\5,,TRUE,,,FALSE,AS,88,2,5
kritan,Zen'in,75,175,IqJS6BoQIUGx9ZgQFGIyTTQVFsJyllgcJKNDBDUhDTNhB8chDWKhDMsdDsISzUseFUEB,ABDR4hcOFiDB9CwPFGCB9kgWGIERaIEYC6FgirYZC1HR01gdGDJCHhwhIeHCaVIWDpAA,Escoffier\\Hydro Tulpa\\Lyney,Furina\\Layla\\Sangonomiya Kokomi,1,0,2\\5,,,,TRUE,FALSE,AS,89,2,5
Oldbie is coming,crackselo,669,371,AbDB61AOA8DA7JcPCUBw9KQPE1Ax9TMPFWFxCFcTG7GRO7kZDVGQ29kdJbEiEVwdDkAA,FYDR6F4PJUBh9GATFrEBO2EeCaFw6pchE+IxHjMjFYJxR1ckJXEiDVsQDtFw1OcdDkAA,Jadeplume Terrorshroom\\Keqing\\Kirara,Abyss Herald: Wicked Torrents\\Black Serpent Knight: Windcutter\\Faruzan,0,1,2\\5,,,,TRUE,FALSE,AS,90,2,5
Kaka,JatNad,655,64,AtDQ9BYPAEGyA2YTJrFwO2kYBqGQipcgE3IRBzEjE4IxRzMkGXIxapMmIaHQDO0QDsAA,A7DA6xwOFcAA7JcPCkBA9KQPE1Ax9TMPFWBx9lcTG7GRO7kZDVGQ29kdJbEi1FwdDkAA,Albedo\\Klee\\Mona,Jadeplume Terrorshroom\\Keqing\\Kirara,1,0,2\\5,,,,TRUE,FALSE,AS,91,2,5
sushitabetai,BYE,681,,ICCw8iYPJVFilWkZJlGS2w4gCTJwA5cgDGKgBsohDeLiHlsmDqJwaucRDhGA1OgdD0AA,,Black Serpent Knight: Windcutter\\Hydro Tulpa\\Venti,,1,,4\\1,,TRUE,,,FALSE,AS,92,4,1
Astra,DarkShrine,639,28,AICw6CkPJUBi9CYPCVBw9pcPE2ExOzMTFbFxTFcUI8FClTQdIbHS21sQDqFw1OcdDkAA,FQEAOgIlHgDg9D4PH0AR9vEPCGEw050dCTHR+EgfFIKBarcmG6FwTcYUDNFgadAWDZAA,Black Serpent Knight: Windcutter\\Mona\\Wanderer,Diona\\Gluttonous Yumkasaur Mountain King\\Kirara,1,0,4\\1,,,,TRUE,FALSE,AS,93,4,1
Ark,Oldbie is coming,13,669,AoBi6FYPICCy8mkPJkCS9FkTCbFwO5cdCrFA26QgEzIxBjMgDWLialsmDqFw1OcdDkAA,JYBi6AoPI2Ci9g0UCcFxTFcZG1FxlbcdI7FC2zQmDLIwa8MQDdGyDVsQDvFwD+cRDjAA,Black Serpent Knight: Windcutter\\Hydro Tulpa\\Venti,Black Serpent Knight: Windcutter\\Dahlia\\Ifa,0,1,4\\1,,,,TRUE,FALSE,AS,94,4,1
Kaizen,Prizm,69,642,FWDA9jEYEaHCihAZIVLCBhwgJWIiE1whDjKwHushDuLAOOwjD4IAR/AkD3FAEfQdD0AA,HTDg9AsPAUFiO2YTJrFilWccCUFwxJccE7ERyzMdE7Ex25MmGaIyah0mI7FwDOMQDsAA,Alhaitham\\Kuki Shinobu\\Nahida,Klee\\Mavuika\\Mona,0,1,4\\1,,,,TRUE,FALSE,AS,95,4,1
kritan,Огурчик238,75,279,ICCw8iYPJVFiumkbJqGS2w4gCTJwA5cgDGKgBsohDeLiHlsmDqJwaucRDhGA1OgdD0AA,AkDQ4xkOHDBh9MgPHEGATIwUCMHAip0YCaHQlb8ZC1Hx2zYdE7FiCzQQI7FC1B0dJEAA,Black Serpent Knight: Windcutter\\Hydro Tulpa\\Venti,Albedo\\Arlecchino\\Dehya,1,0,4\\1,,,,TRUE,FALSE,AS,96,4,1
Luna,Ianradtan,342,59,AiBi8lYPIFCy9mkZJlGSug4bCaFx2zMgDDKgA8ogDWLiBlshDuJwHucmDqGADegdD0AA,ATLRBzsRH2LSTfEVCMLRi5gZJKJDuzUcIqPTBFwhD0NxB+ghD2OBH/UiEONCXwQmEeEB,Black Serpent Knight: Windcutter\\Hydro Tulpa\\Venti,Maguu Kenki\\Sangonomiya Kokomi\\Shikanoin Heizou,1,0,4\\1,,,,TRUE,FALSE,AS,97,4,1
Buer,TBlaze,349,574,AbDB7FAOA8DA9JcPCUBx9VcPFVBx9mQPFmFBO7kZG1GQldkdDbGS21IRJRHA1OsdDkAA,AkDB6bIOIpDQ6mgOG6BR9LUPCEHhTFcUDMEQisEYE6FhlTYgI2JBBjglE+GC1B0dJEAA,Jadeplume Terrorshroom\\Keqing\\Kirara,Golden Wolflord\\Goldflame Qucusaur Tyrant\\Zhongli,0,1,4\\1,,,,TRUE,FALSE,AS,98,4,1
超级可爱夏洛蒂,SOMU,274,267,JKPTBNgSIzN0BR0WI8OzTrsbHVOU3R4fI7TEFSsjJDSUIB8jJuRCbesoELOSEuwTEAIC,JSBi9AsZAlFiumkbJqGS2w4dCbJwA5cgEzIwBt4gJWKwHuchDuJwaugmDqGA1PIdD0AA,Black Serpent Knight: Rockbreaker Ax\\Goldflame Qucusaur Tyrant\\Xilonen,Black Serpent Knight: Windcutter\\Hydro Tulpa\\Venti,1,0,4\\1,,,,TRUE,FALSE,AS,99,4,1
Paroy,Kanon,118,297,G0Ah9MYPAdCR/cgQHFGBBbUYCKHAiowZCVHQlp0dEzFh0zYdGLFB24QlIeLSakQmD6AA,EUDR9rEUG7HRSy8VErHwip0YCaHQorodCzGg070fC4Hw+L8lDOFgC8YdE0Gg3PQdD8AA,Arlecchino\\Dehya\\Golden Wolflord,Clorinde\\Eremite Scorching Loremaster\\Sigewinne,0,1,4\\1,,,,TRUE,FALSE,AS,100,4,1
Inzhagi,Niko,222,680,AoBi8lYPICCy9GkTJrGSOw4bCaFw25cdE7IRAzMgFTJwBt4gJWKwaucmDqFw1OgdDkAA,APBQ4CEOIQBQ75cOGPAh8YIPGxBx9J4PGUHgA70QCzLQHsYhDOFiD1IQI/Fg1N8dDUAA,Black Serpent Knight: Windcutter\\Hydro Tulpa\\Venti,Escoffier\\Kamisato Ayaka\\Yae Miko,1,0,4\\1,,,,TRUE,FALSE,AS,101,4,1
TBlaze,超级可爱夏洛蒂,574,274,AkDB6bIOIpDQ6mgOG6BR9LUPCEHhTFcUDMEQisEYE6FhlTYgI2JBBjglE+GC1B0dJEAA,JKPTBNgSIzN0BR0WI8OzTrsbHVOU3R4fI7TEFSsjJDSUIB8jJuRCbesoELOSEuwTEAIC,Golden Wolflord\\Goldflame Qucusaur Tyrant\\Zhongli,Black Serpent Knight: Rockbreaker Ax\\Goldflame Qucusaur Tyrant\\Xilonen,0,1,4\\2,,,,TRUE,FALSE,AS,102,4,2
Luna,Inzhagi,342,222,AiBi8lYPIFCy9mkZJlGSug4bCaFx2zMgDDKgA8ogDWLiBlshDuJwHucmDqGADegdD0AA,AoBi8lYPICCy9GkTJrGSOw4bCaFw25cdE7IRAzMgFTJwBt4gJWKwaucmDqFw1OgdDkAA,Black Serpent Knight: Windcutter\\Hydro Tulpa\\Venti,Black Serpent Knight: Windcutter\\Hydro Tulpa\\Venti,0,1,4\\2,,,,TRUE,TRUE,AS,103,4,2
Niko,SOMU,680,267,APBQ4CEOIQBQ75cOGPAh8YIPGxBx9J4PGUHgA70QCzLQHsYhDOFiD1IQI/Fg1N8dDUAA,JSBi9AsZAlFiumkbJqGS2w4dCbJwA5cgEzIwBt4gJWKwHuchDuJwaugmDqGA1PIdD0AA,Escoffier\\Kamisato Ayaka\\Yae Miko,Black Serpent Knight: Windcutter\\Hydro Tulpa\\Venti,0,1,4\\2,,,,TRUE,FALSE,AS,104,4,2
Paroy,Kaizen,118,69,G0Ah9MYPAdCR/cgQHFGBBbUYCKHAiowZCVHQlp0dEzFh0zYdGLFB24QlIeLSakQmD6AA,FWDA9jEYEaHCihAZIVLCBhwgJWIiE1whDjKwHushDuLAOOwjD4IAR/AkD3FAEfQdD0AA,Arlecchino\\Dehya\\Golden Wolflord,Alhaitham\\Kuki Shinobu\\Nahida,0,1,4\\2,,,,TRUE,FALSE,AS,105,4,2
Oldbie is coming,Prizm,669,642,JYBi6AoPI2Ci9g0UCcFxTFcZG1FxlbcdI7FC2zQmDLIwa8MQDdGyDVsQDvFwD+cRDjAA,HTDg9AsPAUFiO2YTJrFilWccCUFwxJccE7ERyzMdE7Ex25MmGaIyah0mI7FwDOMQDsAA,Black Serpent Knight: Windcutter\\Dahlia\\Ifa,Klee\\Mavuika\\Mona,1,0,4\\2,,,,TRUE,FALSE,AS,106,4,2
Buer,Ark,349,13,AbDB7FAOA8DA9JcPCUBx9VcPFVBx9mQPFmFBO7kZG1GQldkdDbGS21IRJRHA1OsdDkAA,AoBi6FYPICCy8mkPJkCS9FkTCbFwO5cdCrFA26QgEzIxBjMgDWLialsmDqFw1OcdDkAA,Jadeplume Terrorshroom\\Keqing\\Kirara,Black Serpent Knight: Windcutter\\Hydro Tulpa\\Venti,1,0,4\\2,,,,TRUE,FALSE,AS,107,4,2
sushitabetai,Kanon,681,297,ICCw8iYPJVFilWkZJlGS2w4gCTJwA5cgDGKgBsohDeLiHlsmDqJwaucRDhGA1OgdD0AA,EUDR9rEUG7HRSy8VErHwip0YCaHQorodCzGg070fC4Hw+L8lDOFgC8YdE0Gg3PQdD8AA,Black Serpent Knight: Windcutter\\Hydro Tulpa\\Venti,Clorinde\\Eremite Scorching Loremaster\\Sigewinne,0,1,4\\2,,,,TRUE,FALSE,AS,108,4,2
kritan,Astra,75,639,ICCw8iYPJVFiumkbJqGS2w4gCTJwA5cgDGKgBsohDeLiHlsmDqJwaucRDhGA1OgdD0AA,AICw6CkPJUBi9CYPCVBw9pcPE2ExOzMTFbFxTFcUI8FClTQdIbHS21sQDqFw1OcdDkAA,Black Serpent Knight: Windcutter\\Hydro Tulpa\\Venti,Black Serpent Knight: Windcutter\\Mona\\Wanderer,0,1,4\\2,,,,TRUE,FALSE,AS,109,4,2
Огурчик238,Ianradtan,279,59,AkDQ4xkOHDBh9MgPHEGATIwUCMHAip0YCaHQlb8ZC1Hx2zYdE7FiCzQQI7FC1B0dJEAA,ATLRBzsRH2LSTfEVCMLRi5gZJKJDuzUcIqPTBFwhD0NxB+ghD2OBH/UiEONCXwQmEeEB,Albedo\\Arlecchino\\Dehya,Maguu Kenki\\Sangonomiya Kokomi\\Shikanoin Heizou,1,0,4\\2,,,,TRUE,FALSE,AS,110,4,2
Niko,Paroy,680,118,APBQ4CEOIQBQ75cOGPAh8YIPGxBx9J4PGUHgA70QCzLQHsYhDOFiD1IQI/Fg1N8dDUAA,G0Ah9MYPAdCR/cgQHFGBBbUYCKHAiowZCVHQlp0dEzFh0zYdGLFB24QlIeLSakQmD6AA,Escoffier\\Kamisato Ayaka\\Yae Miko,Arlecchino\\Dehya\\Golden Wolflord,0,1,4\\3,,,,TRUE,FALSE,AS,111,4,3
Ark,Ianradtan,13,59,AoBi6FYPICCy8mkPJkCS9FkTCbFwO5cdCrFA26QgEzIxBjMgDWLialsmDqFw1OcdDkAA,ATLRBzsRH2LSTfEVCMLRi5gZJKJDuzUcIqPTBFwhD0NxB+ghD2OBH/UiEONCXwQmEeEB,Black Serpent Knight: Windcutter\\Hydro Tulpa\\Venti,Maguu Kenki\\Sangonomiya Kokomi\\Shikanoin Heizou,1,0,4\\3,,,,TRUE,FALSE,AS,112,4,3
sushitabetai,kritan,681,75,ICCw8iYPJVFilWkZJlGS2w4gCTJwA5cgDGKgBsohDeLiHlsmDqJwaucRDhGA1OgdD0AA,ICCw8iYPJVFiumkbJqGS2w4gCTJwA5cgDGKgBsohDeLiHlsmDqJwaucRDhGA1OgdD0AA,Black Serpent Knight: Windcutter\\Hydro Tulpa\\Venti,Black Serpent Knight: Windcutter\\Hydro Tulpa\\Venti,0,1,4\\3,,,,TRUE,TRUE,AS,113,4,3
Kanon,超级可爱夏洛蒂,297,274,EUDR9rEUG7HRSy8VErHwip0YCaHQorodCzGg070fC4Hw+L8lDOFgC8YdE0Gg3PQdD8AA,JKPTBNgSIzN0BR0WI8OzTrsbHVOU3R4fI7TEFSsjJDSUIB8jJuRCbesoELOSEuwTEAIC,Clorinde\\Eremite Scorching Loremaster\\Sigewinne,Black Serpent Knight: Rockbreaker Ax\\Goldflame Qucusaur Tyrant\\Xilonen,0,1,4\\3,,,,TRUE,FALSE,AS,114,4,3
Buer,Prizm,349,642,AbDB7FAOA8DA9JcPCUBx9VcPFVBx9mQPFmFBO7kZG1GQldkdDbGS21IRJRHA1OsdDkAA,HTDg9AsPAUFiO2YTJrFilWccCUFwxJccE7ERyzMdE7Ex25MmGaIyah0mI7FwDOMQDsAA,Jadeplume Terrorshroom\\Keqing\\Kirara,Klee\\Mavuika\\Mona,1,0,4\\3,,,,TRUE,FALSE,AS,115,4,3
Inzhagi,Oldbie is coming,222,669,AoBi8lYPICCy9GkTJrGSOw4bCaFw25cdE7IRAzMgFTJwBt4gJWKwaucmDqFw1OgdDkAA,JYBi6AoPI2Ci9g0UCcFxTFcZG1FxlbcdI7FC2zQmDLIwa8MQDdGyDVsQDvFwD+cRDjAA,Black Serpent Knight: Windcutter\\Hydro Tulpa\\Venti,Black Serpent Knight: Windcutter\\Dahlia\\Ifa,1,0,4\\3,,,,TRUE,FALSE,AS,116,4,3
Astra,Luna,639,342,AICw6CkPJUBi9CYPCVBw9pcPE2ExOzMTFbFxTFcUI8FClTQdIbHS21sQDqFw1OcdDkAA,AiBi8lYPIFCy9mkZJlGSug4bCaFx2zMgDDKgA8ogDWLiBlshDuJwHucmDqGADegdD0AA,Black Serpent Knight: Windcutter\\Mona\\Wanderer,Black Serpent Knight: Windcutter\\Hydro Tulpa\\Venti,0,1,4\\3,,,,TRUE,FALSE,AS,117,4,3
SOMU,Огурчик238,267,279,JSBi9AsZAlFiumkbJqGS2w4dCbJwA5cgEzIwBt4gJWKwHuchDuJwaugmDqGA1PIdD0AA,AkDQ4xkOHDBh9MgPHEGATIwUCMHAip0YCaHQlb8ZC1Hx2zYdE7FiCzQQI7FC1B0dJEAA,Black Serpent Knight: Windcutter\\Hydro Tulpa\\Venti,Albedo\\Arlecchino\\Dehya,1,0,4\\3,,,,TRUE,FALSE,AS,118,4,3
TBlaze,Kaizen,574,69,AkDB6bIOIpDQ6mgOG6BR9LUPCEHhTFcUDMEQisEYE6FhlTYgI2JBBjglE+GC1B0dJEAA,FWDA9jEYEaHCihAZIVLCBhwgJWIiE1whDjKwHushDuLAOOwjD4IAR/AkD3FAEfQdD0AA,Golden Wolflord\\Goldflame Qucusaur Tyrant\\Zhongli,Alhaitham\\Kuki Shinobu\\Nahida,0,1,4\\3,,,,TRUE,FALSE,AS,119,4,3
Kaizen,kritan,69,75,FWDA9jEYEaHCihAZIVLCBhwgJWIiE1whDjKwHushDuLAOOwjD4IAR/AkD3FAEfQdD0AA,ICCw8iYPJVFiumkbJqGS2w4gCTJwA5cgDGKgBsohDeLiHlsmDqJwaucRDhGA1OgdD0AA,Alhaitham\\Kuki Shinobu\\Nahida,Black Serpent Knight: Windcutter\\Hydro Tulpa\\Venti,0,1,4\\4,,,,TRUE,FALSE,AS,120,4,4
Kanon,Astra,297,639,EUDR9rEUG7HRSy8VErHwip0YCaHQorodCzGg070fC4Hw+L8lDOFgC8YdE0Gg3PQdD8AA,AICw6CkPJUBi9CYPCVBw9pcPE2ExOzMTFbFxTFcUI8FClTQdIbHS21sQDqFw1OcdDkAA,Clorinde\\Eremite Scorching Loremaster\\Sigewinne,Black Serpent Knight: Windcutter\\Mona\\Wanderer,1,0,4\\4,,,,TRUE,FALSE,AS,121,4,4
SOMU,Buer,267,349,JSBi9AsZAlFiumkbJqGS2w4dCbJwA5cgEzIwBt4gJWKwHuchDuJwaugmDqGA1PIdD0AA,AbDB7FAOA8DA9JcPCUBx9VcPFVBx9mQPFmFBO7kZG1GQldkdDbGS21IRJRHA1OsdDkAA,Black Serpent Knight: Windcutter\\Hydro Tulpa\\Venti,Jadeplume Terrorshroom\\Keqing\\Kirara,1,0,4\\4,,,,TRUE,FALSE,AS,122,4,4
Paroy,TBlaze,118,574,G0Ah9MYPAdCR/cgQHFGBBbUYCKHAiowZCVHQlp0dEzFh0zYdGLFB24QlIeLSakQmD6AA,AkDB6bIOIpDQ6mgOG6BR9LUPCEHhTFcUDMEQisEYE6FhlTYgI2JBBjglE+GC1B0dJEAA,Arlecchino\\Dehya\\Golden Wolflord,Golden Wolflord\\Goldflame Qucusaur Tyrant\\Zhongli,0,1,4\\4,,,,TRUE,FALSE,AS,123,4,4
Inzhagi,超级可爱夏洛蒂,222,274,AoBi8lYPICCy9GkTJrGSOw4bCaFw25cdE7IRAzMgFTJwBt4gJWKwaucmDqFw1OgdDkAA,JKPTBNgSIzN0BR0WI8OzTrsbHVOU3R4fI7TEFSsjJDSUIB8jJuRCbesoELOSEuwTEAIC,Black Serpent Knight: Windcutter\\Hydro Tulpa\\Venti,Black Serpent Knight: Rockbreaker Ax\\Goldflame Qucusaur Tyrant\\Xilonen,0,1,4\\4,,,,TRUE,FALSE,AS,124,4,4
Ianradtan,Niko,59,680,ATLRBzsRH2LSTfEVCMLRi5gZJKJDuzUcIqPTBFwhD0NxB+ghD2OBH/UiEONCXwQmEeEB,APBQ4CEOIQBQ75cOGPAh8YIPGxBx9J4PGUHgA70QCzLQHsYhDOFiD1IQI/Fg1N8dDUAA,Maguu Kenki\\Sangonomiya Kokomi\\Shikanoin Heizou,Escoffier\\Kamisato Ayaka\\Yae Miko,1,0,4\\4,,,,TRUE,FALSE,AS,125,4,4
Ark,Prizm,13,642,AoBi6FYPICCy8mkPJkCS9FkTCbFwO5cdCrFA26QgEzIxBjMgDWLialsmDqFw1OcdDkAA,HTDg9AsPAUFiO2YTJrFilWccCUFwxJccE7ERyzMdE7Ex25MmGaIyah0mI7FwDOMQDsAA,Black Serpent Knight: Windcutter\\Hydro Tulpa\\Venti,Klee\\Mavuika\\Mona,0,1,4\\4,,,,TRUE,FALSE,AS,126,4,4
sushitabetai,Огурчик238,681,279,ICCw8iYPJVFilWkZJlGS2w4gCTJwA5cgDGKgBsohDeLiHlsmDqJwaucRDhGA1OgdD0AA,AkDQ4xkOHDBh9MgPHEGATIwUCMHAip0YCaHQlb8ZC1Hx2zYdE7FiCzQQI7FC1B0dJEAA,Black Serpent Knight: Windcutter\\Hydro Tulpa\\Venti,Albedo\\Arlecchino\\Dehya,0,1,4\\4,,,,TRUE,FALSE,AS,127,4,4
Oldbie is coming,Luna,669,342,JYBi6AoPI2Ci9g0UCcFxTFcZG1FxlbcdI7FC2zQmDLIwa8MQDdGyDVsQDvFwD+cRDjAA,AiBi8lYPIFCy9mkZJlGSug4bCaFx2zMgDDKgA8ogDWLiBlshDuJwHucmDqGADegdD0AA,Black Serpent Knight: Windcutter\\Dahlia\\Ifa,Black Serpent Knight: Windcutter\\Hydro Tulpa\\Venti,0,1,4\\4,,,,TRUE,FALSE,AS,128,4,4
Niko,BYE,680,,APBQ4CEOIQBQ75cOGPAh8YIPGxBx9J4PGUHgA70QCzLQHsYhDOFiD1IQI/Fg1N8dDUAA,,Escoffier\\Kamisato Ayaka\\Yae Miko,,1,,4\\5,,TRUE,,,FALSE,AS,129,4,5
Огурчик238,Kaizen,279,69,AkDQ4xkOHDBh9MgPHEGATIwUCMHAip0YCaHQlb8ZC1Hx2zYdE7FiCzQQI7FC1B0dJEAA,FWDA9jEYEaHCihAZIVLCBhwgJWIiE1whDjKwHushDuLAOOwjD4IAR/AkD3FAEfQdD0AA,Albedo\\Arlecchino\\Dehya,Alhaitham\\Kuki Shinobu\\Nahida,1,0,4\\5,,,,TRUE,FALSE,AS,130,4,5
Astra,Prizm,639,642,AICw6CkPJUBi9CYPCVBw9pcPE2ExOzMTFbFxTFcUI8FClTQdIbHS21sQDqFw1OcdDkAA,HTDg9AsPAUFiO2YTJrFilWccCUFwxJccE7ERyzMdE7Ex25MmGaIyah0mI7FwDOMQDsAA,Black Serpent Knight: Windcutter\\Mona\\Wanderer,Klee\\Mavuika\\Mona,1,0,4\\5,,,,TRUE,FALSE,AS,131,4,5
SOMU,Kanon,267,297,JSBi9AsZAlFiumkbJqGS2w4dCbJwA5cgEzIwBt4gJWKwHuchDuJwaugmDqGA1PIdD0AA,EUDR9rEUG7HRSy8VErHwip0YCaHQorodCzGg070fC4Hw+L8lDOFgC8YdE0Gg3PQdD8AA,Black Serpent Knight: Windcutter\\Hydro Tulpa\\Venti,Clorinde\\Eremite Scorching Loremaster\\Sigewinne,1,0,4\\5,,,,TRUE,FALSE,AS,132,4,5
TBlaze,Oldbie is coming,574,669,AkDB6bIOIpDQ6mgOG6BR9LUPCEHhTFcUDMEQisEYE6FhlTYgI2JBBjglE+GC1B0dJEAA,JYBi6AoPI2Ci9g0UCcFxTFcZG1FxlbcdI7FC2zQmDLIwa8MQDdGyDVsQDvFwD+cRDjAA,Golden Wolflord\\Goldflame Qucusaur Tyrant\\Zhongli,Black Serpent Knight: Windcutter\\Dahlia\\Ifa,1,0,4\\5,,,,TRUE,FALSE,AS,133,4,5
Paroy,Ianradtan,118,59,G0Ah9MYPAdCR/cgQHFGBBbUYCKHAiowZCVHQlp0dEzFh0zYdGLFB24QlIeLSakQmD6AA,ATLRBzsRH2LSTfEVCMLRi5gZJKJDuzUcIqPTBFwhD0NxB+ghD2OBH/UiEONCXwQmEeEB,Arlecchino\\Dehya\\Golden Wolflord,Maguu Kenki\\Sangonomiya Kokomi\\Shikanoin Heizou,0,1,4\\5,,,,TRUE,FALSE,AS,134,4,5
超级可爱夏洛蒂,kritan,274,75,JKPTBNgSIzN0BR0WI8OzTrsbHVOU3R4fI7TEFSsjJDSUIB8jJuRCbesoELOSEuwTEAIC,ICCw8iYPJVFiumkbJqGS2w4gCTJwA5cgDGKgBsohDeLiHlsmDqJwaucRDhGA1OgdD0AA,Black Serpent Knight: Rockbreaker Ax\\Goldflame Qucusaur Tyrant\\Xilonen,Black Serpent Knight: Windcutter\\Hydro Tulpa\\Venti,0,1,4\\5,,,,TRUE,FALSE,AS,135,4,5
Luna,Buer,342,349,AiBi8lYPIFCy9mkZJlGSug4bCaFx2zMgDDKgA8ogDWLiBlshDuJwHucmDqGADegdD0AA,AbDB7FAOA8DA9JcPCUBx9VcPFVBx9mQPFmFBO7kZG1GQldkdDbGS21IRJRHA1OsdDkAA,Black Serpent Knight: Windcutter\\Hydro Tulpa\\Venti,Jadeplume Terrorshroom\\Keqing\\Kirara,0,1,4\\5,,,,TRUE,FALSE,AS,136,4,5
sushitabetai,Ark,681,13,ICCw8iYPJVFilWkZJlGS2w4gCTJwA5cgDGKgBsohDeLiHlsmDqJwaucRDhGA1OgdD0AA,AoBi6FYPICCy8mkPJkCS9FkTCbFwO5cdCrFA26QgEzIxBjMgDWLialsmDqFw1OcdDkAA,Black Serpent Knight: Windcutter\\Hydro Tulpa\\Venti,Black Serpent Knight: Windcutter\\Hydro Tulpa\\Venti,1,0,4\\5,,,,TRUE,TRUE,AS,137,4,5
smxrkx4,Doss,326,646,ILGyikgYIqHBui4bCaJwBKQgE0IxBjMgGWIyBx0gJHJSHkUhD+JAOPQkEHKBRzsREwAA,FWDA9jEYEaHCihAZIVLCBhwgJWIiE1whDjKwHushDuLAOOwjD4IAR/AkD3JAa/QRDxAA,Flins\\Hydro Tulpa\\Ineffa,Alhaitham\\Kuki Shinobu\\Nahida,1,0,2\\1,,,,TRUE,FALSE,EU,1,2,1
科巴尔,盒子,190,259,JXBh57EOHoDC6FkPEkCx9LYWFYFxilcYIaKyExshITLCORwjDZGQTdkUIdHSaVsWDpAA,ATCQ4w8OJkAC5GMPJgAx8C4PEjDg85cPCUBx9DMPE1ExO1cTDbKQB9kgDXKiazcmDrAA,Black Serpent Knight: Windcutter\\Lan Yan\\Sigewinne,Candace\\Dehya\\Durin,0,1,2\\1,,,,TRUE,FALSE,EU,2,2,1
DarkShrine,秘计,28,191,HUHgOwsYG6HCimYZJlFhxOEcCUFxyzEcE7IxODMkDHKgR8omIaLSajcmHrKQa/QRDwAA,AbDB61AOA8DA7JcPCUBw9KQPE1Ax9TMPFWFxCFcTG7GRO7kZDVGQ29kdJbEiEVwdDkAA,Mavuika\\Mona\\Mualani,Jadeplume Terrorshroom\\Keqing\\Kirara,0,1,2\\1,,,,TRUE,FALSE,EU,3,2,1
Oldbie is coming,UwUфАн,669,62,IqHCikgbIKGxui4gCUJxBDMgE2IxBpMgGXIyBx0hJOJSHkUjD4JAR/QkE3GxEDsdGMAA,ABCxxEAMAEBhyUQMFJBA1oYTCIFgOJcPCkBB9DAQE4EBCDMTE7EwO78UC8LwXsEdDEAA,Flins\\Hydro Tulpa\\Ineffa,Eula\\Mona\\Sayu,0,1,2\\1,,,,TRUE,FALSE,EU,4,2,1
Rafu,Unluck,126,162,ARCi8WEPAzCi82gPJkCC9GQdCbFw25cjG4KRR7kkDXLialEmDqFw1OcdDkKAX+glD/AA,AbDB7FAOA8DA9JcPCkBA9aQPE1Ax9jMPFWFxO7kTG7GQldkdDbGS21IRJRHA1OsdDkAA,Fischl\\Jahoda\\Maguu Kenki,Jadeplume Terrorshroom\\Keqing\\Kirara,0,1,2\\1,,,,TRUE,FALSE,EU,5,2,1
pudge_5_pos,Огурчик238,123,279,AoBi6FYPICCy8mkPJkCS9A4TCbFwlZcdE7IxAzMgDDKgBsogDWLialsmDqFw1OcdDkAA,AkDQ4xkOHDBh9MgPHEGATIwUCMHAip0YCaHQ078dCzHx2zYdE7FiCzQQI7FC1B0dJEAA,Black Serpent Knight: Windcutter\\Hydro Tulpa\\Venti,Albedo\\Arlecchino\\Dehya,0,1,2\\1,,,,TRUE,FALSE,EU,6,2,1
TTTttf :),Linux,238,85,JiAi4kkkI1KyRWUkJmJRRrcPG0By9BsYIaGwiskfDIGQ+NkWJZEiaUMbDrEQu+ENDgAA,F0ESWjwPIkAi9CUPF2Giij8YFKGBlUgZGFER6IEeG4JxXbclC9LRaoUmGKFQ1MQdDEAA,Aino\\Hydro Hypostasis\\Lauma,Consecrated Fanged Beast\\Consecrated Horned Crocodile\\Consecrated Scorpion,0,1,2\\1,,,,TRUE,FALSE,EU,7,2,1
MiniMuji,Vixennya,643,329,AxBi4WIOESDw4nIPByAi9GUPGEAh9YIPDGEQTMEUHcGhitoZE1KBHjghIeHSClsdDkAA,IaFR5xkPIECw9JcPCWBx9jMTE7ExulcbFaJwA8YgDDJgBsogDGGgEdEcDcER1EodFEAA,Dvalin\\Hydro Hypostasis\\Mirror Maiden,Escoffier\\Hydro Tulpa\\Lyney,0,1,2\\1,,,,TRUE,FALSE,EU,8,2,1
ъеъ,StarDuck,182,318,FbAA7BwOA8DA9JcPCUBx9TMPE1Ax9lcTFbFxO7kZG1GQldkdDbGS21IRJRHA1OsdDkAA,AkDQ4xkOHDBh9MgPHEGATIwUCMHAip0YCaHQ078dCzHx2zYdE7FiCzQQI7FC1B0dJEAA,Jadeplume Terrorshroom\\Keqing\\Kirara,Albedo\\Arlecchino\\Dehya,1,0,2\\1,,,,TRUE,FALSE,EU,9,2,1
smxrkx4,盒子,326,259,ILGyikgYIqHBui4bCaJwBKQgE0IxBjMgGWIyBx0gJHJSHkUhD+JAOPQkEHKBRzsREwAA,ATCQ4w8OJkAC5GMPJgAx8C4PEjDg85cPCUBx9DMPE1ExO1cTDbKQB9kgDXKiazcmDrAA,Flins\\Hydro Tulpa\\Ineffa,Candace\\Dehya\\Durin,1,0,2\\2,,,,TRUE,FALSE,EU,10,2,2
Rafu,MiniMuji,126,643,ARCi8WEPAzCi82gPJkCC9GQdCbFw25cjG4KRR7kkDXLialEmDqFw1OcdDkKAX+glD/AA,AxBi4WIOESDw4nIPByAi9GUPGEAh9YIPDGEQTMEUHcGhitoZE1KBHjghIeHSClsdDkAA,Fischl\\Jahoda\\Maguu Kenki,Dvalin\\Hydro Hypostasis\\Mirror Maiden,1,0,2\\2,,,,TRUE,FALSE,EU,11,2,2
StarDuck,pudge_5_pos,318,123,AkDQ4xkOHDBh9MgPHEGATIwUCMHAip0YCaHQ078dCzHx2zYdE7FiCzQQI7FC1B0dJEAA,AoBi6FYPICCy8mkPJkCS9A4TCbFwlZcdE7IxAzMgDDKgBsogDWLialsmDqFw1OcdDkAA,Albedo\\Arlecchino\\Dehya,Black Serpent Knight: Windcutter\\Hydro Tulpa\\Venti,0,1,2\\2,,,,TRUE,FALSE,EU,12,2,2
Doss,TTTttf :),646,238,FWDA9jEYEaHCihAZIVLCBhwgJWIiE1whDjKwHushDuLAOOwjD4IAR/AkD3JAa/QRDxAA,JiAi4kkkI1KyRWUkJmJRRrcPG0By9BsYIaGwiskfDIGQ+NkWJZEiaUMbDrEQu+ENDgAA,Alhaitham\\Kuki Shinobu\\Nahida,Aino\\Hydro Hypostasis\\Lauma,1,0,2\\2,,,,TRUE,FALSE,EU,13,2,2
科巴尔,Oldbie is coming,190,669,JXBh57EOHoDC6FkPEkCx9LYWFYFxilcYIaKyExshITLCORwjDZGQTdkUIdHSaVsWDpAA,IqHCikgbIKGxui4gCUJxBDMgE2IxBpMgGXIyBx0hJOJSHkUjD4JAR/QkE3GxEDsdGMAA,Black Serpent Knight: Windcutter\\Lan Yan\\Sigewinne,Flins\\Hydro Tulpa\\Ineffa,1,0,2\\2,,,,TRUE,FALSE,EU,14,2,2
Unluck,DarkShrine,162,28,AbDB7FAOA8DA9JcPCkBA9aQPE1Ax9jMPFWFxO7kTG7GQldkdDbGS21IRJRHA1OsdDkAA,HUHgOwsYG6HCimYZJlFhxOEcCUFxyzEcE7IxODMkDHKgR8omIaLSajcmHrKQa/QRDwAA,Jadeplume Terrorshroom\\Keqing\\Kirara,Mavuika\\Mona\\Mualani,0,1,2\\2,,,,TRUE,FALSE,EU,15,2,2
ъеъ,Огурчик238,182,279,FbAA7BwOA8DA9JcPCUBx9TMPE1Ax9lcTFbFxO7kZG1GQldkdDbGS21IRJRHA1OsdDkAA,AkDQ4xkOHDBh9MgPHEGATIwUCMHAip0YCaHQ078dCzHx2zYdE7FiCzQQI7FC1B0dJEAA,Jadeplume Terrorshroom\\Keqing\\Kirara,Albedo\\Arlecchino\\Dehya,0,1,2\\2,,,,TRUE,FALSE,EU,16,2,2
UwUфАн,秘计,62,191,ABCxxEAMAEBhyUQMFJBA1oYTCIFgOJcPCkBB9DAQE4EBCDMTE7EwO78UC8LwXsEdDEAA,AbDB61AOA8DA7JcPCUBw9KQPE1Ax9TMPFWFxCFcTG7GRO7kZDVGQ29kdJbEiEVwdDkAA,Eula\\Mona\\Sayu,Jadeplume Terrorshroom\\Keqing\\Kirara,0,1,2\\2,,,,TRUE,FALSE,EU,17,2,2
Vixennya,Linux,329,85,IaFR5xkPIECw9JcPCWBx9jMTE7ExulcbFaJwA8YgDDJgBsogDGGgEdEcDcER1EodFEAA,F0ESWjwPIkAi9CUPF2Giij8YFKGBlUgZGFER6IEeG4JxXbclC9LRaoUmGKFQ1MQdDEAA,Escoffier\\Hydro Tulpa\\Lyney,Consecrated Fanged Beast\\Consecrated Horned Crocodile\\Consecrated Scorpion,0,1,2\\2,,,,TRUE,FALSE,EU,18,2,2
盒子,Rafu,259,126,ATCQ4w8OJkAC5GMPJgAx8C4PEjDg85cPCUBx9DMPE1ExO1cTDbKQB9kgDXKiazcmDrAA,ARCi8WEPAzCi82gPJkCC9GQdCbFw25cjG4KRR7kkDXLialEmDqFw1OcdDkKAX+glD/AA,Candace\\Dehya\\Durin,Fischl\\Jahoda\\Maguu Kenki,0,1,2\\3,,,,TRUE,FALSE,EU,19,2,3
Unluck,Vixennya,162,329,AbDB7FAOA8DA9JcPCkBA9aQPE1Ax9jMPFWFxO7kTG7GQldkdDbGS21IRJRHA1OsdDkAA,IaFR5xkPIECw9JcPCWBx9jMTE7ExulcbFaJwA8YgDDJgBsogDGGgEdEcDcER1EodFEAA,Jadeplume Terrorshroom\\Keqing\\Kirara,Escoffier\\Hydro Tulpa\\Lyney,0,1,2\\3,,,,TRUE,FALSE,EU,20,2,3
DarkShrine,Doss,28,646,HUHgOwsYG6HCimYZJlFhxOEcCUFxyzEcE7IxODMkDHKgR8omIaLSajcmHrKQa/QRDwAA,FWDA9jEYEaHCihAZIVLCBhwgJWIiE1whDjKwHushDuLAOOwjD4IAR/AkD3JAa/QRDxAA,Mavuika\\Mona\\Mualani,Alhaitham\\Kuki Shinobu\\Nahida,1,0,2\\3,,,,TRUE,FALSE,EU,21,2,3
ъеъ,pudge_5_pos,182,123,FbAA7BwOA8DA9JcPCUBx9TMPE1Ax9lcTFbFxO7kZG1GQldkdDbGS21IRJRHA1OsdDkAA,AoBi6FYPICCy8mkPJkCS9A4TCbFwlZcdE7IxAzMgDDKgBsogDWLialsmDqFw1OcdDkAA,Jadeplume Terrorshroom\\Keqing\\Kirara,Black Serpent Knight: Windcutter\\Hydro Tulpa\\Venti,0,1,2\\3,,,,TRUE,FALSE,EU,22,2,3
smxrkx4,Огурчик238,326,279,ILGyikgYIqHBui4bCaJwBKQgE0IxBjMgGWIyBx0gJHJSHkUhD+JAOPQkEHKBRzsREwAA,AkDQ4xkOHDBh9MgPHEGATIwUCMHAip0YCaHQ078dCzHx2zYdE7FiCzQQI7FC1B0dJEAA,Flins\\Hydro Tulpa\\Ineffa,Albedo\\Arlecchino\\Dehya,1,0,2\\3,,,,TRUE,FALSE,EU,23,2,3
TTTttf :),StarDuck,238,318,JiAi4kkkI1KyRWUkJmJRRrcPG0By9BsYIaGwiskfDIGQ+NkWJZEiaUMbDrEQu+ENDgAA,AkDQ4xkOHDBh9MgPHEGATIwUCMHAip0YCaHQ078dCzHx2zYdE7FiCzQQI7FC1B0dJEAA,Aino\\Hydro Hypostasis\\Lauma,Albedo\\Arlecchino\\Dehya,0,1,2\\3,,,,TRUE,FALSE,EU,24,2,3
秘计,Linux,191,85,AbDB61AOA8DA7JcPCUBw9KQPE1Ax9TMPFWFxCFcTG7GRO7kZDVGQ29kdJbEiEVwdDkAA,F0ESWjwPIkAi9CUPF2Giij8YFKGBlUgZGFER6IEeG4JxXbclC9LRaoUmGKFQ1MQdDEAA,Jadeplume Terrorshroom\\Keqing\\Kirara,Consecrated Fanged Beast\\Consecrated Horned Crocodile\\Consecrated Scorpion,1,0,2\\3,,,,TRUE,FALSE,EU,25,2,3
UwUфАн,科巴尔,62,190,ABCxxEAMAEBhyUQMFJBA1oYTCIFgOJcPCkBB9DAQE4EBCDMTE7EwO78UC8LwXsEdDEAA,JXBh57EOHoDC6FkPEkCx9LYWFYFxilcYIaKyExshITLCORwjDZGQTdkUIdHSaVsWDpAA,Eula\\Mona\\Sayu,Black Serpent Knight: Windcutter\\Lan Yan\\Sigewinne,1,0,2\\3,,,,TRUE,FALSE,EU,26,2,3
MiniMuji,Oldbie is coming,643,669,AxBi4WIOESDw4nIPByAi9GUPGEAh9YIPDGEQTMEUHcGhitoZE1KBHjghIeHSClsdDkAA,IqHCikgbIKGxui4gCUJxBDMgE2IxBpMgGXIyBx0hJOJSHkUjD4JAR/QkE3GxEDsdGMAA,Dvalin\\Hydro Hypostasis\\Mirror Maiden,Flins\\Hydro Tulpa\\Ineffa,0,1,2\\3,,,,TRUE,FALSE,EU,27,2,3
pudge_5_pos,UwUфАн,123,62,AoBi6FYPICCy8mkPJkCS9A4TCbFwlZcdE7IxAzMgDDKgBsogDWLialsmDqFw1OcdDkAA,ABCxxEAMAEBhyUQMFJBA1oYTCIFgOJcPCkBB9DAQE4EBCDMTE7EwO78UC8LwXsEdDEAA,Black Serpent Knight: Windcutter\\Hydro Tulpa\\Venti,Eula\\Mona\\Sayu,0,1,2\\4,,,,TRUE,FALSE,EU,28,2,4
Doss,StarDuck,646,318,FWDA9jEYEaHCihAZIVLCBhwgJWIiE1whDjKwHushDuLAOOwjD4IAR/AkD3JAa/QRDxAA,AkDQ4xkOHDBh9MgPHEGATIwUCMHAip0YCaHQ078dCzHx2zYdE7FiCzQQI7FC1B0dJEAA,Alhaitham\\Kuki Shinobu\\Nahida,Albedo\\Arlecchino\\Dehya,0,1,2\\4,,,,TRUE,FALSE,EU,29,2,4
Unluck,盒子,162,259,AbDB7FAOA8DA9JcPCkBA9aQPE1Ax9jMPFWFxO7kTG7GQldkdDbGS21IRJRHA1OsdDkAA,ATCQ4w8OJkAC5GMPJgAx8C4PEjDg85cPCUBx9DMPE1ExO1cTDbKQB9kgDXKiazcmDrAA,Jadeplume Terrorshroom\\Keqing\\Kirara,Candace\\Dehya\\Durin,1,0,2\\4,,,,TRUE,FALSE,EU,30,2,4
DarkShrine,Vixennya,28,329,HUHgOwsYG6HCimYZJlFhxOEcCUFxyzEcE7IxODMkDHKgR8omIaLSajcmHrKQa/QRDwAA,IaFR5xkPIECw9JcPCWBx9jMTE7ExulcbFaJwA8YgDDJgBsogDGGgEdEcDcER1EodFEAA,Mavuika\\Mona\\Mualani,Escoffier\\Hydro Tulpa\\Lyney,0,1,2\\4,,,,TRUE,FALSE,EU,31,2,4
Oldbie is coming,ъеъ,669,182,IqHCikgbIKGxui4gCUJxBDMgE2IxBpMgGXIyBx0hJOJSHkUjD4JAR/QkE3GxEDsdGMAA,FbAA7BwOA8DA9JcPCUBx9TMPE1Ax9lcTFbFxO7kZG1GQldkdDbGS21IRJRHA1OsdDkAA,Flins\\Hydro Tulpa\\Ineffa,Jadeplume Terrorshroom\\Keqing\\Kirara,0,1,2\\4,,,,TRUE,FALSE,EU,32,2,4
秘计,smxrkx4,191,326,AbDB61AOA8DA7JcPCUBw9KQPE1Ax9TMPFWFxCFcTG7GRO7kZDVGQ29kdJbEiEVwdDkAA,ILGyikgYIqHBui4bCaJwBKQgE0IxBjMgGWIyBx0gJHJSHkUhD+JAOPQkEHKBRzsREwAA,Jadeplume Terrorshroom\\Keqing\\Kirara,Flins\\Hydro Tulpa\\Ineffa,0,1,2\\4,,,,TRUE,FALSE,EU,33,2,4
TTTttf :),MiniMuji,238,643,JiAi4kkkI1KyRWUkJmJRRrcPG0By9BsYIaGwiskfDIGQ+NkWJZEiaUMbDrEQu+ENDgAA,AxBi4WIOESDw4nIPByAi9GUPGEAh9YIPDGEQTMEUHcGhitoZE1KBHjghIeHSClsdDkAA,Aino\\Hydro Hypostasis\\Lauma,Dvalin\\Hydro Hypostasis\\Mirror Maiden,0,1,2\\4,,,,TRUE,FALSE,EU,34,2,4
Linux,Rafu,85,126,F0ESWjwPIkAi9CUPF2Giij8YFKGBlUgZGFER6IEeG4JxXbclC9LRaoUmGKFQ1MQdDEAA,ARCi8WEPAzCi82gPJkCC9GQdCbFw25cjG4KRR7kkDXLialEmDqFw1OcdDkKAX+glD/AA,Consecrated Fanged Beast\\Consecrated Horned Crocodile\\Consecrated Scorpion,Fischl\\Jahoda\\Maguu Kenki,1,0,2\\4,,,,TRUE,FALSE,EU,35,2,4
Огурчик238,科巴尔,279,190,AkDQ4xkOHDBh9MgPHEGATIwUCMHAip0YCaHQ078dCzHx2zYdE7FiCzQQI7FC1B0dJEAA,JXBh57EOHoDC6FkPEkCx9LYWFYFxilcYIaKyExshITLCORwjDZGQTdkUIdHSaVsWDpAA,Albedo\\Arlecchino\\Dehya,Black Serpent Knight: Windcutter\\Lan Yan\\Sigewinne,0,1,2\\4,,,,TRUE,FALSE,EU,36,2,4
MiniMuji,盒子,643,259,AxBi4WIOESDw4nIPByAi9GUPGEAh9YIPDGEQTMEUHcGhitoZE1KBHjghIeHSClsdDkAA,ATCQ4w8OJkAC5GMPJgAx8C4PEjDg85cPCUBx9DMPE1ExO1cTDbKQB9kgDXKiazcmDrAA,Dvalin\\Hydro Hypostasis\\Mirror Maiden,Candace\\Dehya\\Durin,1,0,2\\5,,,,TRUE,FALSE,EU,37,2,5
Oldbie is coming,Doss,669,646,IqHCikgbIKGxui4gCUJxBDMgE2IxBpMgGXIyBx0hJOJSHkUjD4JAR/QkE3GxEDsdGMAA,FWDA9jEYEaHCihAZIVLCBhwgJWIiE1whDjKwHushDuLAOOwjD4IAR/AkD3JAa/QRDxAA,Flins\\Hydro Tulpa\\Ineffa,Alhaitham\\Kuki Shinobu\\Nahida,1,0,2\\5,,,,TRUE,FALSE,EU,38,2,5
ъеъ,Unluck,182,162,FbAA7BwOA8DA9JcPCUBx9TMPE1Ax9lcTFbFxO7kZG1GQldkdDbGS21IRJRHA1OsdDkAA,AbDB7FAOA8DA9JcPCkBA9aQPE1Ax9jMPFWFxO7kTG7GQldkdDbGS21IRJRHA1OsdDkAA,Jadeplume Terrorshroom\\Keqing\\Kirara,Jadeplume Terrorshroom\\Keqing\\Kirara,1,0,2\\5,,,,TRUE,TRUE,EU,39,2,5
UwUфАн,Linux,62,85,ABCxxEAMAEBhyUQMFJBA1oYTCIFgOJcPCkBB9DAQE4EBCDMTE7EwO78UC8LwXsEdDEAA,F0ESWjwPIkAi9CUPF2Giij8YFKGBlUgZGFER6IEeG4JxXbclC9LRaoUmGKFQ1MQdDEAA,Eula\\Mona\\Sayu,Consecrated Fanged Beast\\Consecrated Horned Crocodile\\Consecrated Scorpion,1,0,2\\5,,,,TRUE,FALSE,EU,40,2,5
科巴尔,StarDuck,190,318,JXBh57EOHoDC6FkPEkCx9LYWFYFxilcYIaKyExshITLCORwjDZGQTdkUIdHSaVsWDpAA,AkDQ4xkOHDBh9MgPHEGATIwUCMHAip0YCaHQ078dCzHx2zYdE7FiCzQQI7FC1B0dJEAA,Black Serpent Knight: Windcutter\\Lan Yan\\Sigewinne,Albedo\\Arlecchino\\Dehya,0,1,2\\5,,,,TRUE,FALSE,EU,41,2,5
smxrkx4,Vixennya,326,329,ILGyikgYIqHBui4bCaJwBKQgE0IxBjMgGWIyBx0gJHJSHkUhD+JAOPQkEHKBRzsREwAA,IaFR5xkPIECw9JcPCWBx9jMTE7ExulcbFaJwA8YgDDJgBsogDGGgEdEcDcER1EodFEAA,Flins\\Hydro Tulpa\\Ineffa,Escoffier\\Hydro Tulpa\\Lyney,1,0,2\\5,,,,TRUE,FALSE,EU,42,2,5
秘计,pudge_5_pos,191,123,AbDB61AOA8DA7JcPCUBw9KQPE1Ax9TMPFWFxCFcTG7GRO7kZDVGQ29kdJbEiEVwdDkAA,AoBi6FYPICCy8mkPJkCS9A4TCbFwlZcdE7IxAzMgDDKgBsogDWLialsmDqFw1OcdDkAA,Jadeplume Terrorshroom\\Keqing\\Kirara,Black Serpent Knight: Windcutter\\Hydro Tulpa\\Venti,1,0,2\\5,,,,TRUE,FALSE,EU,43,2,5
Rafu,DarkShrine,126,28,ARCi8WEPAzCi82gPJkCC9GQdCbFw25cjG4KRR7kkDXLialEmDqFw1OcdDkKAX+glD/AA,HUHgOwsYG6HCimYZJlFhxOEcCUFxyzEcE7IxODMkDHKgR8omIaLSajcmHrKQa/QRDwAA,Fischl\\Jahoda\\Maguu Kenki,Mavuika\\Mona\\Mualani,1,0,2\\5,,,,TRUE,FALSE,EU,44,2,5
MiniMuji,BYE,643,,H6KgNgIOAVDQ5T4PBUCQ9IMQCGHgBo4TCbFwO5cYE6ExijMZFVJxB1clC+LwXr8dDcAA,,Cyno\\Diona\\Iansan,,1,,3\\1,,TRUE,,,FALSE,EU,45,3,1
Rafu,科巴尔,126,190,ATCi82EPA0Ci9GgPJoCC+GQjCYJwR5ckDXLialEmDqFwCucQDqGA1OgdD0IQX/ElD/AA,HaDh6s0PGEDB9I8PHGHxO88TCbFwipcYGqGxxKscGkIRHqEhDeKyakQmDqGQ1OkdDkAA,Fischl\\Jahoda\\Maguu Kenki,Kachina\\Mavuika\\Navia,1,0,3\\1,,,,TRUE,FALSE,EU,46,3,1
Oldbie is coming,Icy.ASIA,669,282,FbAA6xwOA8DA7JcPCUBw9KQPE1Ax9TMPFWFxCFcTG7GRO7kZDVGQ29kdJbEiEVwdDkAA,IICw6CYPJSBi8mkPJkCS9A4TCbFwO5cdCrFA26QgEzIxBjMgDWLialsmDqFw1OcdDkAA,Jadeplume Terrorshroom\\Keqing\\Kirara,Black Serpent Knight: Windcutter\\Hydro Tulpa\\Venti,1,0,3\\1,,,,TRUE,FALSE,EU,47,3,1
smxrkx4,cori,326,27,ILGyikgYIqHBui4bCaJwBKQgE0IxBjMgGWIyBx0gJHJSHkUhD+JAOPQkEHKBRzsREwAA,AoBi6AsPJSBi8mkPJkCS9A4TCbFwlZcdE7IxAzMgDDKgBsogDWLialsmDqFw1OcdDkAA,Flins\\Hydro Tulpa\\Ineffa,Black Serpent Knight: Windcutter\\Hydro Tulpa\\Venti,1,0,3\\1,,,,TRUE,FALSE,EU,48,3,1
Ryssa,DarkShrine,133,28,ATCi82EPA0Ci9GgPJoCC+GQjCYJwR5ckDXLialEmDqFwCucQDqGA1OgdD0IQX/ElD/AA,AJGx6d4PG0DC9GYQJoFgCJcTCrFAO6QYE6ExijMcDEGgxMocIbHSyzchDuIQHuERHgAA,Fischl\\Jahoda\\Maguu Kenki,Mavuika\\Mona\\Mualani,1,0,3\\1,,,,TRUE,FALSE,EU,49,3,1
ъеъ,Сайори,182,679,AkDQ4xkOHDBh9MgPHEGATIwUCMHAip0YCaHQ078dCzHx2zYdE7FiCzQQI7FC1B0dJEAA,JYBg6BoPAkBg9FYZJlKCBGkgJUKQBpcgCWJxHjMhE+IwOMojDYLialEmDqFw1OcdDkAA,Albedo\\Arlecchino\\Dehya,Black Serpent Knight: Windcutter\\Fischl\\Venti,1,0,3\\1,,,,TRUE,FALSE,EU,50,3,1
pudge_5_pos,meimero,123,346,AoBi6FYPICCy8mkPJkCS9A4TCbFwlZcdE7IxAzMgDDKgBsogDWLialsmDqFw1OcdDkAA,AoBi6FYPICCy8mkPJkGSOw4TCbFwupcbE6IxAzMgFTJxBlcgDWLialsmDqFw1OcdDkAA,Black Serpent Knight: Windcutter\\Hydro Tulpa\\Venti,Black Serpent Knight: Windcutter\\Hydro Tulpa\\Venti,0,1,3\\1,,,,TRUE,TRUE,EU,51,3,1
盒子,StarDuck,259,318,AzGyk2ANFqLRRHYOJjAy42MPCEBg9IYQCVEABZATFLFxO0cZE1IRBzEgE3IxazMmGbAA,HUBi9C0QISFyTBsUIcGxaLkWIYHClRwZIlGS2ykdIbLSE0QhDjKQHukhDuGgEOoRDwAA,Durin\\Stonehide Lawachurl\\Xinyan,Black Serpent Knight: Rockbreaker Ax\\Goldflame Qucusaur Tyrant\\Xilonen,1,0,3\\1,,,,TRUE,FALSE,EU,52,3,1
Огурчик238,Vixennya,279,329,AkDQ4xkOHDBh9MgPHEGATIwUCMHAip0YCaHQ078dCzHx2zYdE7FiCzQQI7FC1B0dJEAA,IaFR5xkPIECw9JcPCWBx9jMTE7ExulcbGKJAA8YgDDJgBsogDGGgEdEcDcER1EodFEAA,Albedo\\Arlecchino\\Dehya,Escoffier\\Hydro Tulpa\\Lyney,0,1,3\\1,,,,TRUE,FALSE,EU,53,3,1
ъеъ,Vixennya,182,329,AkDQ4xkOHDBh9MgPHEGATIwUCMHAip0YCaHQ078dCzHx2zYdE7FiCzQQI7FC1B0dJEAA,IaFR5xkPIECw9JcPCWBx9jMTE7ExulcbGKJAA8YgDDJgBsogDGGgEdEcDcER1EodFEAA,Albedo\\Arlecchino\\Dehya,Escoffier\\Hydro Tulpa\\Lyney,1,0,3\\2,,,,TRUE,FALSE,EU,54,3,2
Сайори,Icy.ASIA,679,282,JYBg6BoPAkBg9FYZJlKCBGkgJUKQBpcgCWJxHjMhE+IwOMojDYLialEmDqFw1OcdDkAA,IICw6CYPJSBi8mkPJkCS9A4TCbFwO5cdCrFA26QgEzIxBjMgDWLialsmDqFw1OcdDkAA,Black Serpent Knight: Windcutter\\Fischl\\Venti,Black Serpent Knight: Windcutter\\Hydro Tulpa\\Venti,1,0,3\\2,,,,TRUE,FALSE,EU,55,3,2
cori,科巴尔,27,190,AoBi6AsPJSBi8mkPJkCS9A4TCbFwlZcdE7IxAzMgDDKgBsogDWLialsmDqFw1OcdDkAA,HaDh6s0PGEDB9I8PHGHxO88TCbFwipcYGqGxxKscGkIRHqEhDeKyakQmDqGQ1OkdDkAA,Black Serpent Knight: Windcutter\\Hydro Tulpa\\Venti,Kachina\\Mavuika\\Navia,1,0,3\\2,,,,TRUE,FALSE,EU,56,3,2
meimero,StarDuck,346,318,AoBi6FYPICCy8mkPJkGSOw4TCbFwupcbE6IxAzMgFTJxBlcgDWLialsmDqFw1OcdDkAA,HUBi9C0QISFyTBsUIcGxaLkWIYHClRwZIlGS2ykdIbLSE0QhDjKQHukhDuGgEOoRDwAA,Black Serpent Knight: Windcutter\\Hydro Tulpa\\Venti,Black Serpent Knight: Rockbreaker Ax\\Goldflame Qucusaur Tyrant\\Xilonen,1,0,3\\2,,,,TRUE,FALSE,EU,57,3,2
Огурчик238,pudge_5_pos,279,123,AkDQ4xkOHDBh9MgPHEGATIwUCMHAip0YCaHQ078dCzHx2zYdE7FiCzQQI7FC1B0dJEAA,AoBi6FYPICCy8mkPJkCS9A4TCbFwlZcdE7IxAzMgDDKgBsogDWLialsmDqFw1OcdDkAA,Albedo\\Arlecchino\\Dehya,Black Serpent Knight: Windcutter\\Hydro Tulpa\\Venti,0,1,3\\2,,,,TRUE,FALSE,EU,58,3,2
Rafu,Oldbie is coming,126,669,ATCi82EPA0Ci9GgPJoCC+GQjCYJwR5ckDXLialEmDqFwCucQDqGA1OgdD0IQX/ElD/AA,FbAA6xwOA8DA7JcPCUBw9KQPE1Ax9TMPFWFxCFcTG7GRO7kZDVGQ29kdJbEiEVwdDkAA,Fischl\\Jahoda\\Maguu Kenki,Jadeplume Terrorshroom\\Keqing\\Kirara,0,1,3\\2,,,,TRUE,FALSE,EU,59,3,2
MiniMuji,盒子,643,259,H6KgNgIOAVDQ5T4PBUCQ9IMQCGHgBo4TCbFwO5cYE6ExijMZFVJxB1clC+LwXr8dDcAA,AzGyk2ANFqLRRHYOJjAy42MPCEBg9IYQCVEABZATFLFxO0cZE1IRBzEgE3IxazMmGbAA,Cyno\\Diona\\Iansan,Durin\\Stonehide Lawachurl\\Xinyan,1,0,3\\2,,,,TRUE,FALSE,EU,60,3,2
smxrkx4,Ryssa,326,133,ILGyikgYIqHBui4bCaJwBKQgE0IxBjMgGWIyBx0gJHJSHkUhD+JAOPQkEHKBRzsREwAA,ATCi82EPA0Ci9GgPJoCC+GQjCYJwR5ckDXLialEmDqFwCucQDqGA1OgdD0IQX/ElD/AA,Flins\\Hydro Tulpa\\Ineffa,Fischl\\Jahoda\\Maguu Kenki,1,0,3\\2,,,,TRUE,FALSE,EU,61,3,2
ъеъ,Oldbie is coming,182,669,AkDQ4xkOHDBh9MgPHEGATIwUCMHAip0YCaHQ078dCzHx2zYdE7FiCzQQI7FC1B0dJEAA,FbAA6xwOA8DA7JcPCUBw9KQPE1Ax9TMPFWFxCFcTG7GRO7kZDVGQ29kdJbEiEVwdDkAA,Albedo\\Arlecchino\\Dehya,Jadeplume Terrorshroom\\Keqing\\Kirara,0,1,3\\3,,,,TRUE,FALSE,EU,62,3,3
cori,盒子,27,259,AoBi6AsPJSBi8mkPJkCS9A4TCbFwlZcdE7IxAzMgDDKgBsogDWLialsmDqFw1OcdDkAA,AzGyk2ANFqLRRHYOJjAy42MPCEBg9IYQCVEABZATFLFxO0cZE1IRBzEgE3IxazMmGbAA,Black Serpent Knight: Windcutter\\Hydro Tulpa\\Venti,Durin\\Stonehide Lawachurl\\Xinyan,1,0,3\\3,,,,TRUE,FALSE,EU,63,3,3
科巴尔,StarDuck,190,318,HaDh6s0PGEDB9I8PHGHxO88TCbFwipcYGqGxxKscGkIRHqEhDeKyakQmDqGQ1OkdDkAA,HUBi9C0QISFyTBsUIcGxaLkWIYHClRwZIlGS2ykdIbLSE0QhDjKQHukhDuGgEOoRDwAA,Kachina\\Mavuika\\Navia,Black Serpent Knight: Rockbreaker Ax\\Goldflame Qucusaur Tyrant\\Xilonen,1,0,3\\3,,,,TRUE,FALSE,EU,64,3,3
meimero,MiniMuji,346,643,AoBi6FYPICCy8mkPJkGSOw4TCbFwupcbE6IxAzMgFTJxBlcgDWLialsmDqFw1OcdDkAA,H6KgNgIOAVDQ5T4PBUCQ9IMQCGHgBo4TCbFwO5cYE6ExijMZFVJxB1clC+LwXr8dDcAA,Black Serpent Knight: Windcutter\\Hydro Tulpa\\Venti,Cyno\\Diona\\Iansan,1,0,3\\3,,,,TRUE,FALSE,EU,65,3,3
smxrkx4,BYE,326,,ILGyikgYIqHBui4bCaJwBKQgE0IxBjMgGWIyBx0gJHJSHkUhD+JAOPQkEHKBRzsREwAA,,Flins\\Hydro Tulpa\\Ineffa,,1,,3\\3,,TRUE,,,FALSE,EU,66,3,3
Rafu,Сайори,126,679,ATCi82EPA0Ci9GgPJoCC+GQjCYJwR5ckDXLialEmDqFwCucQDqGA1OgdD0IQX/ElD/AA,JYBg6BoPAkBg9FYZJlKCBGkgJUKQBpcgCWJxHjMhE+IwOMojDYLialEmDqFw1OcdDkAA,Fischl\\Jahoda\\Maguu Kenki,Black Serpent Knight: Windcutter\\Fischl\\Venti,1,0,3\\3,,,,TRUE,FALSE,EU,67,3,3
Icy.ASIA,Огурчик238,282,279,IICw6CYPJSBi8mkPJkCS9A4TCbFwO5cdCrFA26QgEzIxBjMgDWLialsmDqFw1OcdDkAA,AkDQ4xkOHDBh9MgPHEGATIwUCMHAip0YCaHQ078dCzHx2zYdE7FiCzQQI7FC1B0dJEAA,Black Serpent Knight: Windcutter\\Hydro Tulpa\\Venti,Albedo\\Arlecchino\\Dehya,0,1,3\\3,,,,TRUE,FALSE,EU,68,3,3
Ryssa,Vixennya,133,329,ATCi82EPA0Ci9GgPJoCC+GQjCYJwR5ckDXLialEmDqFwCucQDqGA1OgdD0IQX/ElD/AA,IaFR5xkPIECw9JcPCWBx9jMTE7ExulcbGKJAA8YgDDJgBsogDGGgEdEcDcER1EodFEAA,Fischl\\Jahoda\\Maguu Kenki,Escoffier\\Hydro Tulpa\\Lyney,0,1,3\\3,,,,TRUE,FALSE,EU,69,3,3
smxrkx4,Oldbie is coming,326,669,ILGyikgYIqHBui4bCaJwBKQgE0IxBjMgGWIyBx0gJHJSHkUhD+JAOPQkEHKBRzsREwAA,FbAA6xwOA8DA7JcPCUBw9KQPE1Ax9TMPFWFxCFcTG7GRO7kZDVGQ29kdJbEiEVwdDkAA,Flins\\Hydro Tulpa\\Ineffa,Jadeplume Terrorshroom\\Keqing\\Kirara,0,1,3\\4,,,,TRUE,FALSE,EU,70,3,4
Vixennya,cori,329,27,IaFR5xkPIECw9JcPCWBx9jMTE7ExulcbGKJAA8YgDDJgBsogDGGgEdEcDcER1EodFEAA,AoBi6AsPJSBi8mkPJkCS9A4TCbFwlZcdE7IxAzMgDDKgBsogDWLialsmDqFw1OcdDkAA,Escoffier\\Hydro Tulpa\\Lyney,Black Serpent Knight: Windcutter\\Hydro Tulpa\\Venti,1,0,3\\4,,,,TRUE,FALSE,EU,71,3,4
盒子,Ryssa,259,133,AzGyk2ANFqLRRHYOJjAy42MPCEBg9IYQCVEABZATFLFxO0cZE1IRBzEgE3IxazMmGbAA,ATCi82EPA0Ci9GgPJoCC+GQjCYJwR5ckDXLialEmDqFwCucQDqGA1OgdD0IQX/ElD/AA,Durin\\Stonehide Lawachurl\\Xinyan,Fischl\\Jahoda\\Maguu Kenki,1,0,3\\4,,,,TRUE,FALSE,EU,72,3,4
Огурчик238,Сайори,279,679,AkDQ4xkOHDBh9MgPHEGATIwUCMHAip0YCaHQ078dCzHx2zYdE7FiCzQQI7FC1B0dJEAA,JYBg6BoPAkBg9FYZJlKCBGkgJUKQBpcgCWJxHjMhE+IwOMojDYLialEmDqFw1OcdDkAA,Albedo\\Arlecchino\\Dehya,Black Serpent Knight: Windcutter\\Fischl\\Venti,1,0,3\\4,,,,TRUE,FALSE,EU,73,3,4
MiniMuji,科巴尔,643,190,H6KgNgIOAVDQ5T4PBUCQ9IMQCGHgBo4TCbFwO5cYE6ExijMZFVJxB1clC+LwXr8dDcAA,HaDh6s0PGEDB9I8PHGHxO88TCbFwipcYGqGxxKscGkIRHqEhDeKyakQmDqGQ1OkdDkAA,Cyno\\Diona\\Iansan,Kachina\\Mavuika\\Navia,1,0,3\\4,,,,TRUE,FALSE,EU,74,3,4
StarDuck,Icy.ASIA,318,282,HUBi9C0QISFyTBsUIcGxaLkWIYHClRwZIlGS2ykdIbLSE0QhDjKQHukhDuGgEOoRDwAA,IICw6CYPJSBi8mkPJkCS9A4TCbFwO5cdCrFA26QgEzIxBjMgDWLialsmDqFw1OcdDkAA,Black Serpent Knight: Rockbreaker Ax\\Goldflame Qucusaur Tyrant\\Xilonen,Black Serpent Knight: Windcutter\\Hydro Tulpa\\Venti,1,0,3\\4,,,,TRUE,FALSE,EU,75,3,4
meimero,ъеъ,346,182,AoBi6FYPICCy8mkPJkGSOw4TCbFwupcbE6IxAzMgFTJxBlcgDWLialsmDqFw1OcdDkAA,AkDQ4xkOHDBh9MgPHEGATIwUCMHAip0YCaHQ078dCzHx2zYdE7FiCzQQI7FC1B0dJEAA,Black Serpent Knight: Windcutter\\Hydro Tulpa\\Venti,Albedo\\Arlecchino\\Dehya,1,0,3\\4,,,,TRUE,FALSE,EU,76,3,4
Icy.ASIA,BYE,282,,IICw6CYPJSBi8mkPJkCS9A4TCbFwO5cdCrFA26QgEzIxBjMgDWLialsmDqFw1OcdDkAA,,Black Serpent Knight: Windcutter\\Hydro Tulpa\\Venti,,1,,3\\5,,TRUE,,,FALSE,EU,77,3,5
cori,Огурчик238,27,279,AoBi6AsPJSBi8mkPJkCS9A4TCbFwlZcdE7IxAzMgDDKgBsogDWLialsmDqFw1OcdDkAA,AkDQ4xkOHDBh9MgPHEGATIwUCMHAip0YCaHQ078dCzHx2zYdE7FiCzQQI7FC1B0dJEAA,Black Serpent Knight: Windcutter\\Hydro Tulpa\\Venti,Albedo\\Arlecchino\\Dehya,0,1,3\\5,,,,TRUE,FALSE,EU,78,3,5
Oldbie is coming,meimero,669,346,FbAA6xwOA8DA7JcPCUBw9KQPE1Ax9TMPFWFxCFcTG7GRO7kZDVGQ29kdJbEiEVwdDkAA,AoBi6FYPICCy8mkPJkGSOw4TCbFwupcbE6IxAzMgFTJxBlcgDWLialsmDqFw1OcdDkAA,Jadeplume Terrorshroom\\Keqing\\Kirara,Black Serpent Knight: Windcutter\\Hydro Tulpa\\Venti,1,0,3\\5,,,,TRUE,FALSE,EU,79,3,5
smxrkx4,盒子,326,259,ILGyikgYIqHBui4bCaJwBKQgE0IxBjMgGWIyBx0gJHJSHkUhD+JAOPQkEHKBRzsREwAA,AzGyk2ANFqLRRHYOJjAy42MPCEBg9IYQCVEABZATFLFxO0cZE1IRBzEgE3IxazMmGbAA,Flins\\Hydro Tulpa\\Ineffa,Durin\\Stonehide Lawachurl\\Xinyan,0,1,3\\5,,,,TRUE,FALSE,EU,80,3,5
Vixennya,MiniMuji,329,643,IaFR5xkPIECw9JcPCWBx9jMTE7ExulcbGKJAA8YgDDJgBsogDGGgEdEcDcER1EodFEAA,H6KgNgIOAVDQ5T4PBUCQ9IMQCGHgBo4TCbFwO5cYE6ExijMZFVJxB1clC+LwXr8dDcAA,Escoffier\\Hydro Tulpa\\Lyney,Cyno\\Diona\\Iansan,1,0,3\\5,,,,TRUE,FALSE,EU,81,3,5
Сайори,StarDuck,679,318,JYBg6BoPAkBg9FYZJlKCBGkgJUKQBpcgCWJxHjMhE+IwOMojDYLialEmDqFw1OcdDkAA,HUBi9C0QISFyTBsUIcGxaLkWIYHClRwZIlGS2ykdIbLSE0QhDjKQHukhDuGgEOoRDwAA,Black Serpent Knight: Windcutter\\Fischl\\Venti,Black Serpent Knight: Rockbreaker Ax\\Goldflame Qucusaur Tyrant\\Xilonen,1,0,3\\5,,,,TRUE,FALSE,EU,82,3,5
Ryssa,科巴尔,133,190,ATCi82EPA0Ci9GgPJoCC+GQjCYJwR5ckDXLialEmDqFwCucQDqGA1OgdD0IQX/ElD/AA,HaDh6s0PGEDB9I8PHGHxO88TCbFwipcYGqGxxKscGkIRHqEhDeKyakQmDqGQ1OkdDkAA,Fischl\\Jahoda\\Maguu Kenki,Kachina\\Mavuika\\Navia,0,1,3\\5,,,,TRUE,FALSE,EU,83,3,5
Oguri_cap,BYE,632,,JrIANwsOATBi42YPJkBi9GMQCTFwA5cTE7ExOzMgFXJxalcmGaIxa5MmDbGQENkRDQAA,,Durin\\Klee\\Mona,,1,,1\\1,,TRUE,,,FALSE,NA,1,1,1
gean,Birdy,373,20,IfBR3x4OGADQ4JcPCRBx8TMPE0Ax9FcPFVBw9cYPDGBh9mcTFrFwE9kRJTEi1DYdDUAA,AbDA7DwOFcAA8pcPCVBw9qQQCoFBOzMTE7ExlVcdFbFx27kkG3KSR1IRJTHA1OsdDkAA,Escoffier\\Frost Operative\\Thunder Manifestation,Jadeplume Terrorshroom\\Keqing\\Kirara,0,1,1\\1,,,,TRUE,FALSE,NA,2,1,1
Linux,Maddox,85,678,HUBi9C0QISFyTBsUIcGxaLkWIYHClRwZIlGS2ykdIbLSE0QhDjKQHukhDuGgEOoRDwAA,I7Ci5woOHnDR6PAOH4AC8g0PICDQ9pcPCWFx21cdFbJwHsMhDOExDaEQGtEQE9sRJTAA,Black Serpent Knight: Rockbreaker Ax\\Goldflame Qucusaur Tyrant\\Xilonen,Dahlia\\Ifa\\Shikanoin Heizou,1,0,1\\1,,,,TRUE,FALSE,NA,3,1,1
Ryssa,BYE,133,,IICw6CYPJSBi8mkPJkCS9A4TCbFwO5cdCrFA26QgEzIxBjMgDWLialsmDqFw1OcdDkAA,,Black Serpent Knight: Windcutter\\Hydro Tulpa\\Venti,,1,,1\\1,,TRUE,,,FALSE,NA,4,1,1
Doss,Tentia,646,156,JuNhUhsPA3Fj6GkPJ4GT6WoQCUEx9YQQClJxA5gRFiJyPFgUGrMya5QnFKJi1TceDkEB,AkDQ6RMOJJCg7U8OBtCQ8WkPCUBw9JcTE7EROzEZE1IxapMmGaExDDYQE8Fg1N4dJEAA,Black Serpent Knight: Windcutter\\Fischl\\Venti,Albedo\\Bennett\\Experimental Field Generator,1,0,1\\1,,,,TRUE,FALSE,NA,5,1,1
Salchipapa,Oldbie is coming,636,669,AiAQ8jAPEUDA9JcPGFAx9oMPGWAx+JMQJSEiAlwQDjGwO+sQDqHADOwQD8EA1PAdD0AA,G5Ah6cYOAqDB6sgPG0BR9LUPCFDg9p0UCcHQTL8YDKEQisEgE2JhBjYQIbHS1EQdDkAA,Alhaitham\\Tighnari\\Yae Miko,Arlecchino\\Golden Wolflord\\Zhongli,0,1,1\\1,,,,TRUE,FALSE,NA,6,1,1
Pengu,eme_22,316,653,IBCy8xUPETCS9BgPIUCB9SIPCWBw9pcbFaFxulcgCzJAA7UmFqJxamcdDUHg1PElDzAA,ATBh8aQPJhAC9GMPGkBw9ZcPCWJxBJMgGUIwBsEgDGIQHtkhDeGSClIQJMFA1OMdDkAA,Escoffier\\Hydro Tulpa\\Lyney,Chiori\\Durin\\Klee,0,1,1\\1,,,,TRUE,FALSE,NA,7,1,1
Rafu,Zenav,126,194,IKGyikgbIqHBui4gCUJxBDMgE2IxBpMgGXIyBx0hJOJSHkUjD4JAR/QkE3GxEDsdGMAA,A8AR7FwPAxDA8ZcPCSBx9DMPFUBx9VcPFmBB9mQPDZCQ+dkTJbEiO1wZDlGw1OsdDkAA,Flins\\Hydro Tulpa\\Ineffa,Jadeplume Terrorshroom\\Kuki Shinobu\\Nahida,1,0,1\\1,,,,TRUE,FALSE,NA,8,1,1
Pengu,BYE,316,,IBCy8xUPETCS9BgPIUCB9SIPCWBw9pcbFaFxulcgCzJAA7UmFqJxamcdDUHg1PElDzAA,,Escoffier\\Hydro Tulpa\\Lyney,,1,,1\\2,,TRUE,,,FALSE,NA,9,1,2
Ryssa,Rafu,133,126,IICw6CYPJSBi8mkPJkCS9A4TCbFwO5cdCrFA26QgEzIxBjMgDWLialsmDqFw1OcdDkAA,IKGyikgbIqHBui4gCUJxBDMgE2IxBpMgGXIyBx0hJOJSHkUjD4JAR/QkE3GxEDsdGMAA,Black Serpent Knight: Windcutter\\Hydro Tulpa\\Venti,Flins\\Hydro Tulpa\\Ineffa,0,1,1\\2,,,,TRUE,FALSE,NA,10,1,2
Tentia,gean,156,373,AkDQ6RMOJJCg7U8OBtCQ8WkPCUBw9JcTE7EROzEZE1IxapMmGaExDDYQE8Fg1N4dJEAA,IfBR3x4OGADQ4JcPCRBx8TMPE0Ax9FcPFVBw9cYPDGBh9mcTFrFwE9kRJTEi1DYdDUAA,Albedo\\Bennett\\Experimental Field Generator,Escoffier\\Frost Operative\\Thunder Manifestation,0,1,1\\2,,,,TRUE,FALSE,NA,11,1,2
Zenav,Maddox,194,678,A8AR7FwPAxDA8ZcPCSBx9DMPFUBx9VcPFmBB9mQPDZCQ+dkTJbEiO1wZDlGw1OsdDkAA,I7Ci5woOHnDR6PAOH4AC8g0PICDQ9pcPCWFx21cdFbJwHsMhDOExDaEQGtEQE9sRJTAA,Jadeplume Terrorshroom\\Kuki Shinobu\\Nahida,Dahlia\\Ifa\\Shikanoin Heizou,1,0,1\\2,,,,TRUE,FALSE,NA,12,1,2
Salchipapa,BYE,636,,AiAQ8jAPEUDA9JcPGFAx9oMPGWAx+JMQJSEiAlwQDjGwO+sQDqHADOwQD8EA1PAdD0AA,,Alhaitham\\Tighnari\\Yae Miko,,1,,1\\2,,TRUE,,,FALSE,NA,13,1,2
Birdy,Oguri_cap,20,632,AbDA7DwOFcAA8pcPCVBw9qQQCoFBOzMTE7ExlVcdFbFx27kkG3KSR1IRJTHA1OsdDkAA,JrIANwsOATBi42YPJkBi9GMQCTFwA5cTE7ExOzMgFXJxalcmGaIxa5MmDbGQENkRDQAA,Jadeplume Terrorshroom\\Keqing\\Kirara,Durin\\Klee\\Mona,1,0,1\\2,,,,TRUE,FALSE,NA,14,1,2
Oldbie is coming,Linux,669,85,G5Ah6cYOAqDB6sgPG0BR9LUPCFDg9p0UCcHQTL8YDKEQisEgE2JhBjYQIbHS1EQdDkAA,HUBi9C0QISFyTBsUIcGxaLkWIYHClRwZIlGS2ykdIbLSE0QhDjKQHukhDuGgEOoRDwAA,Arlecchino\\Golden Wolflord\\Zhongli,Black Serpent Knight: Rockbreaker Ax\\Goldflame Qucusaur Tyrant\\Xilonen,0,1,1\\2,,,,TRUE,FALSE,NA,15,1,2
Doss,eme_22,646,653,JuNhUhsPA3Fj6GkPJ4GT6WoQCUEx9YQQClJxA5gRFiJyPFgUGrMya5QnFKJi1TceDkEB,ATBh8aQPJhAC9GMPGkBw9ZcPCWJxBJMgGUIwBsEgDGIQHtkhDeGSClIQJMFA1OMdDkAA,Black Serpent Knight: Windcutter\\Fischl\\Venti,Chiori\\Durin\\Klee,1,0,1\\2,,,,TRUE,FALSE,NA,16,1,2
Tentia,BYE,156,,AkDQ6RMOJJCg7U8OBtCQ8WkPCUBw9JcTE7EROzEZE1IxapMmGaExDDYQE8Fg1N4dJEAA,,Albedo\\Bennett\\Experimental Field Generator,,1,,1\\3,,TRUE,,,FALSE,NA,17,1,3
Oldbie is coming,BYE,669,,G5Ah6cYOAqDB6sgPG0BR9LUPCFDg9p0UCcHQTL8YDKEQisEgE2JhBjYQIbHS1EQdDkAA,,Arlecchino\\Golden Wolflord\\Zhongli,,1,,1\\3,,TRUE,,,FALSE,NA,18,1,3
Ryssa,BYE,133,,IICw6CYPJSBi8mkPJkCS9A4TCbFwO5cdCrFA26QgEzIxBjMgDWLialsmDqFw1OcdDkAA,,Black Serpent Knight: Windcutter\\Hydro Tulpa\\Venti,,1,,1\\3,,TRUE,,,FALSE,NA,19,1,3
Rafu,Doss,126,646,IKGyikgbIqHBui4gCUJxBDMgE2IxBpMgGXIyBx0hJOJSHkUjD4JAR/QkE3GxEDsdGMAA,JuNhUhsPA3Fj6GkPJ4GT6WoQCUEx9YQQClJxA5gRFiJyPFgUGrMya5QnFKJi1TceDkEB,Flins\\Hydro Tulpa\\Ineffa,Black Serpent Knight: Windcutter\\Fischl\\Venti,1,0,1\\3,,,,TRUE,FALSE,NA,20,1,3
Zenav,eme_22,194,653,A8AR7FwPAxDA8ZcPCSBx9DMPFUBx9VcPFmBB9mQPDZCQ+dkTJbEiO1wZDlGw1OsdDkAA,ATBh8aQPJhAC9GMPGkBw9ZcPCWJxBJMgGUIwBsEgDGIQHtkhDeGSClIQJMFA1OMdDkAA,Jadeplume Terrorshroom\\Kuki Shinobu\\Nahida,Chiori\\Durin\\Klee,1,0,1\\3,,,,TRUE,FALSE,NA,21,1,3
Oguri_cap,Pengu,632,316,JrIANwsOATBi42YPJkBi9GMQCTFwA5cTE7ExOzMgFXJxalcmGaIxa5MmDbGQENkRDQAA,IBCy8xUPETCS9BgPIUCB9SIPCWBw9pcbFaFxulcgCzJAA7UmFqJxamcdDUHg1PElDzAA,Durin\\Klee\\Mona,Escoffier\\Hydro Tulpa\\Lyney,1,0,1\\3,,,,TRUE,FALSE,NA,22,1,3
Salchipapa,Maddox,636,678,AiAQ8jAPEUDA9JcPGFAx9oMPGWAx+JMQJSEiAlwQDjGwO+sQDqHADOwQD8EA1PAdD0AA,I7Ci5woOHnDR6PAOH4AC8g0PICDQ9pcPCWFx21cdFbJwHsMhDOExDaEQGtEQE9sRJTAA,Alhaitham\\Tighnari\\Yae Miko,Dahlia\\Ifa\\Shikanoin Heizou,0,1,1\\3,,,,TRUE,FALSE,NA,23,1,3
Linux,Birdy,85,20,HUBi9C0QISFyTBsUIcGxaLkWIYHClRwZIlGS2ykdIbLSE0QhDjKQHukhDuGgEOoRDwAA,AbDA7DwOFcAA8pcPCVBw9qQQCoFBOzMTE7ExlVcdFbFx27kkG3KSR1IRJTHA1OsdDkAA,Black Serpent Knight: Rockbreaker Ax\\Goldflame Qucusaur Tyrant\\Xilonen,Jadeplume Terrorshroom\\Keqing\\Kirara,1,0,1\\3,,,,TRUE,FALSE,NA,24,1,3
Zenav,Oguri_cap,194,632,A8AR7FwPAxDA8ZcPCSBx9DMPFUBx9VcPFmBB9mQPDZCQ+dkTJbEiO1wZDlGw1OsdDkAA,JrIANwsOATBi42YPJkBi9GMQCTFwA5cTE7ExOzMgFXJxalcmGaIxa5MmDbGQENkRDQAA,Jadeplume Terrorshroom\\Kuki Shinobu\\Nahida,Durin\\Klee\\Mona,1,0,1\\4,,,,TRUE,FALSE,NA,25,1,4
Birdy,BYE,20,,AbDA7DwOFcAA8pcPCVBw9qQQCoFBOzMTE7ExlVcdFbFx27kkG3KSR1IRJTHA1OsdDkAA,,Jadeplume Terrorshroom\\Keqing\\Kirara,,1,,1\\4,,TRUE,,,FALSE,NA,26,1,4
eme_22,Salchipapa,653,636,ATBh8aQPJhAC9GMPGkBw9ZcPCWJxBJMgGUIwBsEgDGIQHtkhDeGSClIQJMFA1OMdDkAA,AiAQ8jAPEUDA9JcPGFAx9oMPGWAx+JMQJSEiAlwQDjGwO+sQDqHADOwQD8EA1PAdD0AA,Chiori\\Durin\\Klee,Alhaitham\\Tighnari\\Yae Miko,1,0,1\\4,,,,TRUE,FALSE,NA,27,1,4
Linux,Rafu,85,126,HUBi9C0QISFyTBsUIcGxaLkWIYHClRwZIlGS2ykdIbLSE0QhDjKQHukhDuGgEOoRDwAA,IKGyikgbIqHBui4gCUJxBDMgE2IxBpMgGXIyBx0hJOJSHkUjD4JAR/QkE3GxEDsdGMAA,Black Serpent Knight: Rockbreaker Ax\\Goldflame Qucusaur Tyrant\\Xilonen,Flins\\Hydro Tulpa\\Ineffa,1,0,1\\4,,,,TRUE,FALSE,NA,28,1,4
Pengu,Tentia,316,156,IBCy8xUPETCS9BgPIUCB9SIPCWBw9pcbFaFxulcgCzJAA7UmFqJxamcdDUHg1PElDzAA,AkDQ6RMOJJCg7U8OBtCQ8WkPCUBw9JcTE7EROzEZE1IxapMmGaExDDYQE8Fg1N4dJEAA,Escoffier\\Hydro Tulpa\\Lyney,Albedo\\Bennett\\Experimental Field Generator,1,0,1\\4,,,,TRUE,FALSE,NA,29,1,4
Doss,Ryssa,646,133,JuNhUhsPA3Fj6GkPJ4GT6WoQCUEx9YQQClJxA5gRFiJyPFgUGrMya5QnFKJi1TceDkEB,IICw6CYPJSBi8mkPJkCS9A4TCbFwO5cdCrFA26QgEzIxBjMgDWLialsmDqFw1OcdDkAA,Black Serpent Knight: Windcutter\\Fischl\\Venti,Black Serpent Knight: Windcutter\\Hydro Tulpa\\Venti,0,1,1\\4,,,,TRUE,FALSE,NA,30,1,4
gean,Oldbie is coming,373,669,IfBR3x4OGADQ4JcPCRBx8TMPE0Ax9FcPFVBw9cYPDGBh9mcTFrFwE9kRJTEi1DYdDUAA,G5Ah6cYOAqDB6sgPG0BR9LUPCFDg9p0UCcHQTL8YDKEQisEgE2JhBjYQIbHS1EQdDkAA,Escoffier\\Frost Operative\\Thunder Manifestation,Arlecchino\\Golden Wolflord\\Zhongli,1,0,1\\4,,,,TRUE,FALSE,NA,31,1,4
Ryssa,Oguri_cap,133,632,IICw6CYPJSBi8mkPJkCS9A4TCbFwO5cdCrFA26QgEzIxBjMgDWLialsmDqFw1OcdDkAA,JrIANwsOATBi42YPJkBi9GMQCTFwA5cTE7ExOzMgFXJxalcmGaIxa5MmDbGQENkRDQAA,Black Serpent Knight: Windcutter\\Hydro Tulpa\\Venti,Durin\\Klee\\Mona,1,0,1\\5,,,,TRUE,FALSE,NA,32,1,5
Rafu,BYE,126,,IKGyikgbIqHBui4gCUJxBDMgE2IxBpMgGXIyBx0hJOJSHkUjD4JAR/QkE3GxEDsdGMAA,,Flins\\Hydro Tulpa\\Ineffa,,1,,1\\5,,TRUE,,,FALSE,NA,33,1,5
Pengu,Salchipapa,316,636,IBCy8xUPETCS9BgPIUCB9SIPCWBw9pcbFaFxulcgCzJAA7UmFqJxamcdDUHg1PElDzAA,AiAQ8jAPEUDA9JcPGFAx9oMPGWAx+JMQJSEiAlwQDjGwO+sQDqHADOwQD8EA1PAdD0AA,Escoffier\\Hydro Tulpa\\Lyney,Alhaitham\\Tighnari\\Yae Miko,1,0,1\\5,,,,TRUE,FALSE,NA,34,1,5
Linux,Zenav,85,194,HUBi9C0QISFyTBsUIcGxaLkWIYHClRwZIlGS2ykdIbLSE0QhDjKQHukhDuGgEOoRDwAA,A8AR7FwPAxDA8ZcPCSBx9DMPFUBx9VcPFmBB9mQPDZCQ+dkTJbEiO1wZDlGw1OsdDkAA,Black Serpent Knight: Rockbreaker Ax\\Goldflame Qucusaur Tyrant\\Xilonen,Jadeplume Terrorshroom\\Kuki Shinobu\\Nahida,1,0,1\\5,,,,TRUE,FALSE,NA,35,1,5
Tentia,Oldbie is coming,156,669,AkDQ6RMOJJCg7U8OBtCQ8WkPCUBw9JcTE7EROzEZE1IxapMmGaExDDYQE8Fg1N4dJEAA,G5Ah6cYOAqDB6sgPG0BR9LUPCFDg9p0UCcHQTL8YDKEQisEgE2JhBjYQIbHS1EQdDkAA,Albedo\\Bennett\\Experimental Field Generator,Arlecchino\\Golden Wolflord\\Zhongli,0,1,1\\5,,,,TRUE,FALSE,NA,36,1,5
gean,Doss,373,646,IfBR3x4OGADQ4JcPCRBx8TMPE0Ax9FcPFVBw9cYPDGBh9mcTFrFwE9kRJTEi1DYdDUAA,JuNhUhsPA3Fj6GkPJ4GT6WoQCUEx9YQQClJxA5gRFiJyPFgUGrMya5QnFKJi1TceDkEB,Escoffier\\Frost Operative\\Thunder Manifestation,Black Serpent Knight: Windcutter\\Fischl\\Venti,0,1,1\\5,,,,TRUE,FALSE,NA,37,1,5
Birdy,eme_22,20,653,AbDA7DwOFcAA8pcPCVBw9qQQCoFBOzMTE7ExlVcdFbFx27kkG3KSR1IRJTHA1OsdDkAA,ATBh8aQPJhAC9GMPGkBw9ZcPCWJxBJMgGUIwBsEgDGIQHtkhDeGSClIQJMFA1OMdDkAA,Jadeplume Terrorshroom\\Keqing\\Kirara,Chiori\\Durin\\Klee,1,0,1\\5,,,,TRUE,FALSE,NA,38,1,5
Zenav,LS-Plus,194,86,FXDC6AoOHoDR8vAPCUBw9JcPCmBB9jMTFbFxO1cZDFGg28odDbGxrzoaJfEQ1OcdDkAA,FiDB9PwPIkEiTCUUIsFRilcYFaFxroUaGOFR6MoeHIKhHochGOJyOB0jI4JwOeEjD5AA,Ifa\\Kuki Shinobu\\Shikanoin Heizou,Consecrated Horned Crocodile\\Furina\\Lord of Eroded Primal Fire,0,1,3\\1,,,,TRUE,FALSE,NA,39,3,1
Maddox,Pengu,678,316,AUCQ4y0OHDBh9MgPHECA+YwPCJHATJ0UCcHQ270dC7LQar8mC6HxCzYQE7Fi1B0dJEAA,JoAQ6BoPAxCg8VYPJjCC82gPCUBw9JcPC2BA9rQmFqJxamccDcHizFEdDkJwX+clDvAA,Albedo\\Arlecchino\\Dehya,Fischl\\Jahoda\\Maguu Kenki,0,1,3\\1,,,,TRUE,FALSE,NA,40,3,1
Rafu,eme_22,126,653,ATCi82EPA0Ci9GgPJoCC+GQjCYJwR5ckDXLialEmDqFwCucQDqGA1OgdD0IQX/ElD/AA,ARBR8aQPEUCQ9FEPElAh9qcgCUJwBJcgGWIxBpMhDeKQHtkmJaIiakQQDpEw1OMdD0AA,Fischl\\Jahoda\\Maguu Kenki,Chiori\\Lyney\\Yoimiya,1,0,3\\1,,,,TRUE,FALSE,NA,41,3,1
gean,DarkShrine,373,28,IQBR4B4PGBDQ8ZcPCiBB8zMPE0Ax9FcTDLFgisYYFqJxBmcjJYIiRzYkDXHw1N8dDkAA,E0DwxAslFSLyN2YOJjBh42IPFkAg9JwPCdDA/Z0YCaHRilcZFVFw07odGDFB1IQdDEAA,Escoffier\\Frost Operative\\Thunder Manifestation,Emperor of Fire and Iron\\Mona\\Thoma,1,0,3\\1,,,,TRUE,FALSE,NA,42,3,1
crackselo,Oguri_cap,371,632,FYDR6F4PJUBh9GATFrEBO2EeCaFw6pchE+IxHjMjFYJxR1ckJXEiDVsQDtFw1OcdDkAA,AoBi6FYPICCy8mkPJkCS9FkTCbFwO5cdCrFA26QgEzIxBjMgDWLialsmDqFw1OcdDkAA,Abyss Herald: Wicked Torrents\\Black Serpent Knight: Windcutter\\Faruzan,Black Serpent Knight: Windcutter\\Hydro Tulpa\\Venti,1,0,3\\1,,,,TRUE,FALSE,NA,43,3,1
Tentia,Ryssa,156,133,AkDQ6RYOJJCi7WcOBtCQ9GkPCUFxOzETE7IRBzMgE3IxapMmGaExDDYQE8Fi1B0dJEAA,IICw6CYPJSBi8mkPJkCS9A4TCbFwO5cdCrFA26QgEzIxBjMgDWLialsmDqFw1OcdDkAA,Albedo\\Experimental Field Generator\\Klee,Black Serpent Knight: Windcutter\\Hydro Tulpa\\Venti,0,1,3\\1,,,,TRUE,FALSE,NA,44,3,1
Salchipapa,Birdy,636,20,JrIANwsOATBi42YPJkBi9GMQCTFwA5cTE7ExOzMgFXJxalcmGaIxa5MmDbGQENkRDQAA,IICw6CYPJSBi8mkPJkCS9A4TCbFwO5cdCrFA26QgEzIxBjMgDWLialsmDqFw1OcdDkAA,Durin\\Klee\\Mona,Black Serpent Knight: Windcutter\\Hydro Tulpa\\Venti,0,1,3\\1,,,,TRUE,FALSE,NA,45,3,1
Maddox,Oguri_cap,678,632,AUCQ4y0OHDBh9MgPHECA+YwPCJHATJ0UCcHQ270dC7LQar8mC6HxCzYQE7Fi1B0dJEAA,AoBi6FYPICCy8mkPJkCS9FkTCbFwO5cdCrFA26QgEzIxBjMgDWLialsmDqFw1OcdDkAA,Albedo\\Arlecchino\\Dehya,Black Serpent Knight: Windcutter\\Hydro Tulpa\\Venti,1,0,3\\2,,,,TRUE,FALSE,NA,46,3,2
Birdy,Rafu,20,126,IICw6CYPJSBi8mkPJkCS9A4TCbFwO5cdCrFA26QgEzIxBjMgDWLialsmDqFw1OcdDkAA,ATCi82EPA0Ci9GgPJoCC+GQjCYJwR5ckDXLialEmDqFwCucQDqGA1OgdD0IQX/ElD/AA,Black Serpent Knight: Windcutter\\Hydro Tulpa\\Venti,Fischl\\Jahoda\\Maguu Kenki,1,0,3\\2,,,,TRUE,FALSE,NA,47,3,2
Zenav,Salchipapa,194,636,FXDC6AoOHoDR8vAPCUBw9JcPCmBB9jMTFbFxO1cZDFGg28odDbGxrzoaJfEQ1OcdDkAA,JrIANwsOATBi42YPJkBi9GMQCTFwA5cTE7ExOzMgFXJxalcmGaIxa5MmDbGQENkRDQAA,Ifa\\Kuki Shinobu\\Shikanoin Heizou,Durin\\Klee\\Mona,1,0,3\\2,,,,TRUE,FALSE,NA,48,3,2
Tentia,eme_22,156,653,AkDQ6RYOJJCi7WcOBtCQ9GkPCUFxOzETE7IRBzMgE3IxapMmGaExDDYQE8Fi1B0dJEAA,ARBR8aQPEUCQ9FEPElAh9qcgCUJwBJcgGWIxBpMhDeKQHtkmJaIiakQQDpEw1OMdD0AA,Albedo\\Experimental Field Generator\\Klee,Chiori\\Lyney\\Yoimiya,0,1,3\\2,,,,TRUE,FALSE,NA,49,3,2
crackselo,gean,371,373,FYDR6F4PJUBh9GATFrEBO2EeCaFw6pchE+IxHjMjFYJxR1ckJXEiDVsQDtFw1OcdDkAA,IQBR4B4PGBDQ8ZcPCiBB8zMPE0Ax9FcTDLFgisYYFqJxBmcjJYIiRzYkDXHw1N8dDkAA,Abyss Herald: Wicked Torrents\\Black Serpent Knight: Windcutter\\Faruzan,Escoffier\\Frost Operative\\Thunder Manifestation,0,1,3\\2,,,,TRUE,FALSE,NA,50,3,2
Ryssa,LS-Plus,133,86,IICw6CYPJSBi8mkPJkCS9A4TCbFwO5cdCrFA26QgEzIxBjMgDWLialsmDqFw1OcdDkAA,FiDB9PwPIkEiTCUUIsFRilcYFaFxroUaGOFR6MoeHIKhHochGOJyOB0jI4JwOeEjD5AA,Black Serpent Knight: Windcutter\\Hydro Tulpa\\Venti,Consecrated Horned Crocodile\\Furina\\Lord of Eroded Primal Fire,0,1,3\\2,,,,TRUE,FALSE,NA,51,3,2
Pengu,DarkShrine,316,28,JoAQ6BoPAxCg8VYPJjCC82gPCUBw9JcPC2BA9rQmFqJxamccDcHizFEdDkJwX+clDvAA,E0DwxAslFSLyN2YOJjBh42IPFkAg9JwPCdDA/Z0YCaHRilcZFVFw07odGDFB1IQdDEAA,Fischl\\Jahoda\\Maguu Kenki,Emperor of Fire and Iron\\Mona\\Thoma,0,1,3\\2,,,,TRUE,FALSE,NA,52,3,2
LS-Plus,Birdy,86,20,FiDB9PwPIkEiTCUUIsFRilcYFaFxroUaGOFR6MoeHIKhHochGOJyOB0jI4JwOeEjD5AA,IICw6CYPJSBi8mkPJkCS9A4TCbFwO5cdCrFA26QgEzIxBjMgDWLialsmDqFw1OcdDkAA,Consecrated Horned Crocodile\\Furina\\Lord of Eroded Primal Fire,Black Serpent Knight: Windcutter\\Hydro Tulpa\\Venti,1,0,3\\3,,,,TRUE,FALSE,NA,53,3,3
Ryssa,DarkShrine,133,28,IICw6CYPJSBi8mkPJkCS9A4TCbFwO5cdCrFA26QgEzIxBjMgDWLialsmDqFw1OcdDkAA,E0DwxAslFSLyN2YOJjBh42IPFkAg9JwPCdDA/Z0YCaHRilcZFVFw07odGDFB1IQdDEAA,Black Serpent Knight: Windcutter\\Hydro Tulpa\\Venti,Emperor of Fire and Iron\\Mona\\Thoma,0,1,3\\3,,,,TRUE,FALSE,NA,54,3,3
crackselo,Salchipapa,371,636,FYDR6F4PJUBh9GATFrEBO2EeCaFw6pchE+IxHjMjFYJxR1ckJXEiDVsQDtFw1OcdDkAA,JrIANwsOATBi42YPJkBi9GMQCTFwA5cTE7ExOzMgFXJxalcmGaIxa5MmDbGQENkRDQAA,Abyss Herald: Wicked Torrents\\Black Serpent Knight: Windcutter\\Faruzan,Durin\\Klee\\Mona,1,0,3\\3,,,,TRUE,FALSE,NA,55,3,3
gean,Rafu,373,126,IQBR4B4PGBDQ8ZcPCiBB8zMPE0Ax9FcTDLFgisYYFqJxBmcjJYIiRzYkDXHw1N8dDkAA,ATCi82EPA0Ci9GgPJoCC+GQjCYJwR5ckDXLialEmDqFwCucQDqGA1OgdD0IQX/ElD/AA,Escoffier\\Frost Operative\\Thunder Manifestation,Fischl\\Jahoda\\Maguu Kenki,0,1,3\\3,,,,TRUE,FALSE,NA,56,3,3
Oguri_cap,Tentia,632,156,AoBi6FYPICCy8mkPJkCS9FkTCbFwO5cdCrFA26QgEzIxBjMgDWLialsmDqFw1OcdDkAA,AkDQ6RYOJJCi7WcOBtCQ9GkPCUFxOzETE7IRBzMgE3IxapMmGaExDDYQE8Fi1B0dJEAA,Black Serpent Knight: Windcutter\\Hydro Tulpa\\Venti,Albedo\\Experimental Field Generator\\Klee,1,0,3\\3,,,,TRUE,FALSE,NA,57,3,3
Pengu,Zenav,316,194,JoAQ6BoPAxCg8VYPJjCC82gPCUBw9JcPC2BA9rQmFqJxamccDcHizFEdDkJwX+clDvAA,FXDC6AoOHoDR8vAPCUBw9JcPCmBB9jMTFbFxO1cZDFGg28odDbGxrzoaJfEQ1OcdDkAA,Fischl\\Jahoda\\Maguu Kenki,Ifa\\Kuki Shinobu\\Shikanoin Heizou,1,0,3\\3,,,,TRUE,FALSE,NA,58,3,3
eme_22,Maddox,653,678,ARBR8aQPEUCQ9FEPElAh9qcgCUJwBJcgGWIxBpMhDeKQHtkmJaIiakQQDpEw1OMdD0AA,AUCQ4y0OHDBh9MgPHECA+YwPCJHATJ0UCcHQ270dC7LQar8mC6HxCzYQE7Fi1B0dJEAA,Chiori\\Lyney\\Yoimiya,Albedo\\Arlecchino\\Dehya,0,1,3\\3,,,,TRUE,FALSE,NA,59,3,3
LS-Plus,crackselo,86,371,FiDB9PwPIkEiTCUUIsFRilcYFaFxroUaGOFR6MoeHIKhHochGOJyOB0jI4JwOeEjD5AA,FYDR6F4PJUBh9GATFrEBO2EeCaFw6pchE+IxHjMjFYJxR1ckJXEiDVsQDtFw1OcdDkAA,Consecrated Horned Crocodile\\Furina\\Lord of Eroded Primal Fire,Abyss Herald: Wicked Torrents\\Black Serpent Knight: Windcutter\\Faruzan,0,1,3\\4,,,,TRUE,FALSE,NA,60,3,4
gean,Birdy,373,20,IQBR4B4PGBDQ8ZcPCiBB8zMPE0Ax9FcTDLFgisYYFqJxBmcjJYIiRzYkDXHw1N8dDkAA,IICw6CYPJSBi8mkPJkCS9A4TCbFwO5cdCrFA26QgEzIxBjMgDWLialsmDqFw1OcdDkAA,Escoffier\\Frost Operative\\Thunder Manifestation,Black Serpent Knight: Windcutter\\Hydro Tulpa\\Venti,0,1,3\\4,,,,TRUE,FALSE,NA,61,3,4
Maddox,DarkShrine,678,28,AUCQ4y0OHDBh9MgPHECA+YwPCJHATJ0UCcHQ270dC7LQar8mC6HxCzYQE7Fi1B0dJEAA,E0DwxAslFSLyN2YOJjBh42IPFkAg9JwPCdDA/Z0YCaHRilcZFVFw07odGDFB1IQdDEAA,Albedo\\Arlecchino\\Dehya,Emperor of Fire and Iron\\Mona\\Thoma,0,1,3\\4,,,,TRUE,FALSE,NA,62,3,4
Oguri_cap,eme_22,632,653,AoBi6FYPICCy8mkPJkCS9FkTCbFwO5cdCrFA26QgEzIxBjMgDWLialsmDqFw1OcdDkAA,ARBR8aQPEUCQ9FEPElAh9qcgCUJwBJcgGWIxBpMhDeKQHtkmJaIiakQQDpEw1OMdD0AA,Black Serpent Knight: Windcutter\\Hydro Tulpa\\Venti,Chiori\\Lyney\\Yoimiya,1,0,3\\4,,,,TRUE,FALSE,NA,63,3,4
Tentia,Salchipapa,156,636,AkDQ6RYOJJCi7WcOBtCQ9GkPCUFxOzETE7IRBzMgE3IxapMmGaExDDYQE8Fi1B0dJEAA,JrIANwsOATBi42YPJkBi9GMQCTFwA5cTE7ExOzMgFXJxalcmGaIxa5MmDbGQENkRDQAA,Albedo\\Experimental Field Generator\\Klee,Durin\\Klee\\Mona,1,0,3\\4,,,,TRUE,FALSE,NA,64,3,4
Rafu,Pengu,126,316,ATCi82EPA0Ci9GgPJoCC+GQjCYJwR5ckDXLialEmDqFwCucQDqGA1OgdD0IQX/ElD/AA,JoAQ6BoPAxCg8VYPJjCC82gPCUBw9JcPC2BA9rQmFqJxamccDcHizFEdDkJwX+clDvAA,Fischl\\Jahoda\\Maguu Kenki,Fischl\\Jahoda\\Maguu Kenki,1,0,3\\4,,,,TRUE,TRUE,NA,65,3,4
Ryssa,Zenav,133,194,IICw6CYPJSBi8mkPJkCS9A4TCbFwO5cdCrFA26QgEzIxBjMgDWLialsmDqFw1OcdDkAA,FXDC6AoOHoDR8vAPCUBw9JcPCmBB9jMTFbFxO1cZDFGg28odDbGxrzoaJfEQ1OcdDkAA,Black Serpent Knight: Windcutter\\Hydro Tulpa\\Venti,Ifa\\Kuki Shinobu\\Shikanoin Heizou,1,0,3\\4,,,,TRUE,FALSE,NA,66,3,4
LS-Plus,Rafu,86,126,FiDB9PwPIkEiTCUUIsFRilcYFaFxroUaGOFR6MoeHIKhHochGOJyOB0jI4JwOeEjD5AA,ATCi82EPA0Ci9GgPJoCC+GQjCYJwR5ckDXLialEmDqFwCucQDqGA1OgdD0IQX/ElD/AA,Consecrated Horned Crocodile\\Furina\\Lord of Eroded Primal Fire,Fischl\\Jahoda\\Maguu Kenki,0,1,3\\5,,,,TRUE,FALSE,NA,67,3,5
Pengu,Oguri_cap,316,632,JoAQ6BoPAxCg8VYPJjCC82gPCUBw9JcPC2BA9rQmFqJxamccDcHizFEdDkJwX+clDvAA,AoBi6FYPICCy8mkPJkCS9FkTCbFwO5cdCrFA26QgEzIxBjMgDWLialsmDqFw1OcdDkAA,Fischl\\Jahoda\\Maguu Kenki,Black Serpent Knight: Windcutter\\Hydro Tulpa\\Venti,1,0,3\\5,,,,TRUE,FALSE,NA,68,3,5
crackselo,Ryssa,371,133,FYDR6F4PJUBh9GATFrEBO2EeCaFw6pchE+IxHjMjFYJxR1ckJXEiDVsQDtFw1OcdDkAA,IICw6CYPJSBi8mkPJkCS9A4TCbFwO5cdCrFA26QgEzIxBjMgDWLialsmDqFw1OcdDkAA,Abyss Herald: Wicked Torrents\\Black Serpent Knight: Windcutter\\Faruzan,Black Serpent Knight: Windcutter\\Hydro Tulpa\\Venti,1,0,3\\5,,,,TRUE,FALSE,NA,69,3,5
gean,Maddox,373,678,IQBR4B4PGBDQ8ZcPCiBB8zMPE0Ax9FcTDLFgisYYFqJxBmcjJYIiRzYkDXHw1N8dDkAA,AUCQ4y0OHDBh9MgPHECA+YwPCJHATJ0UCcHQ270dC7LQar8mC6HxCzYQE7Fi1B0dJEAA,Escoffier\\Frost Operative\\Thunder Manifestation,Albedo\\Arlecchino\\Dehya,0,1,3\\5,,,,TRUE,FALSE,NA,70,3,5
Zenav,Tentia,194,156,FXDC6AoOHoDR8vAPCUBw9JcPCmBB9jMTFbFxO1cZDFGg28odDbGxrzoaJfEQ1OcdDkAA,AkDQ6RYOJJCi7WcOBtCQ9GkPCUFxOzETE7IRBzMgE3IxapMmGaExDDYQE8Fi1B0dJEAA,Ifa\\Kuki Shinobu\\Shikanoin Heizou,Albedo\\Experimental Field Generator\\Klee,0,1,3\\5,,,,TRUE,FALSE,NA,71,3,5
Birdy,DarkShrine,20,28,IICw6CYPJSBi8mkPJkCS9A4TCbFwO5cdCrFA26QgEzIxBjMgDWLialsmDqFw1OcdDkAA,E0DwxAslFSLyN2YOJjBh42IPFkAg9JwPCdDA/Z0YCaHRilcZFVFw07odGDFB1IQdDEAA,Black Serpent Knight: Windcutter\\Hydro Tulpa\\Venti,Emperor of Fire and Iron\\Mona\\Thoma,1,0,3\\5,,,,TRUE,FALSE,NA,72,3,5
eme_22,Salchipapa,653,636,ARBR8aQPEUCQ9FEPElAh9qcgCUJwBJcgGWIxBpMhDeKQHtkmJaIiakQQDpEw1OMdD0AA,JrIANwsOATBi42YPJkBi9GMQCTFwA5cTE7ExOzMgFXJxalcmGaIxa5MmDbGQENkRDQAA,Chiori\\Lyney\\Yoimiya,Durin\\Klee\\Mona,0,1,3\\5,,,,TRUE,FALSE,NA,73,3,5
Kawi,Salchipapa,72,636,ILGyikgYIqHBui4gCUJwBKQgE2IxBjMgGXIyBx0hJOJSHkUjD4JAR/QkEHGBEDsdE8AA,ADCy42AOAUBi8mYPJiBg9FIPJkBy+GMPCYFwlZcmE6JRazUmDbGQDNkQDcHiEDcRDgAA,Flins\\Hydro Tulpa\\Ineffa,Durin\\Klee\\Mona,1,0,4\\1,,,,TRUE,FALSE,NA,74,4,1
Doss,LS-Plus,646,86,I7KiWwoOJXBi5w0OCYBw6JcUFcFxTFcZG1FxlbcdI7FC2zQQDNEwDcMQDPFgD8YRDTAA,FhDB8vwPIkAi9CUUIsFRTFcYFaFxioUaGOFRrsoeHIGh6IchGOJyHh0jI4JwOeEjDpAA,Black Serpent Knight: Windcutter\\Dahlia\\Ifa,Consecrated Horned Crocodile\\Furina\\Lord of Eroded Primal Fire,1,0,4\\1,,,,TRUE,FALSE,NA,75,4,1
Rafu,Pengu,126,316,FcAA6xwOA7DA7JcOCcBw9KQPCkBB9TMPE1ExO1cTFbFxlbkZG1GQ29kdDbGS1FIdJUAA,ARBg8QsPESCS8mYPJkBy9GcPCVBw9pcPDWGyAjcQDiIwauMmDqFAC+QQDrHQ1O0dD0AA,Jadeplume Terrorshroom\\Keqing\\Kirara,Klee\\Lyney\\Mona,1,0,4\\1,,,,TRUE,FALSE,NA,76,4,1
Gren,Tentia,301,156,ApDB6sYOG6Ah9MgPHECB9rUPCGHgA44QCTHQ250dE7JhajYmDKGSC1IQJLFA1OkdDkAA,HTDg9AsPAUFiO2YTJrFilWccCUFwxJccE7ERyzMdE7Ex25MmGaIyah0mI7FwDOMQDsAA,Arlecchino\\Golden Wolflord\\Zhongli,Klee\\Mavuika\\Mona,0,1,4\\1,,,,TRUE,FALSE,NA,77,4,1
Zenav,Maddox,194,678,JnAi6AoOJYFgTJcUCcFxlVcZFVFx27cdG7JyHjQhI+FADcYQDNFgD9sQJfGwE+caDvAA,AUCQ4y0OHDBh9MgPHEGATIwUCMHA250dCbLQKr0iC6LQar8mC6HxCzYQE7Fi1B0dJEAA,Black Serpent Knight: Windcutter\\Hydro Hypostasis\\Ifa,Albedo\\Arlecchino\\Dehya,0,1,4\\1,,,,TRUE,FALSE,NA,78,4,1
Birdy,eme_22,20,653,IICw6CYPJSBg8mIPJkCS9GkTCbFwO5cdCrFA26QgEzIxBjMgDWLialsmDqFw1OcdDkAA,AcCh5dUOA1Ai5mgOHWBx8dcPCRBw8pcPEyAx9FcPFUBx9ZMPGWEwO9kZDVGS1FIdJUAA,Black Serpent Knight: Windcutter\\Hydro Tulpa\\Venti,Fischl\\Sethos\\Yaoyao,1,0,4\\1,,,,TRUE,FALSE,NA,79,4,1
Maddox,Kawi,678,72,AUCQ4y0OHDBh9MgPHEGATIwUCMHA250dCbLQKr0iC6LQar8mC6HxCzYQE7Fi1B0dJEAA,ILGyikgYIqHBui4gCUJwBKQgE2IxBjMgGXIyBx0hJOJSHkUjD4JAR/QkEHGBEDsdE8AA,Albedo\\Arlecchino\\Dehya,Flins\\Hydro Tulpa\\Ineffa,0,1,4\\2,,,,TRUE,FALSE,NA,80,4,2
Salchipapa,eme_22,636,653,ADCy42AOAUBi8mYPJiBg9FIPJkBy+GMPCYFwlZcmE6JRazUmDbGQDNkQDcHiEDcRDgAA,AcCh5dUOA1Ai5mgOHWBx8dcPCRBw8pcPEyAx9FcPFUBx9ZMPGWEwO9kZDVGS1FIdJUAA,Durin\\Klee\\Mona,Fischl\\Sethos\\Yaoyao,0,1,4\\2,,,,TRUE,FALSE,NA,81,4,2
Birdy,Rafu,20,126,IICw6CYPJSBg8mIPJkCS9GkTCbFwO5cdCrFA26QgEzIxBjMgDWLialsmDqFw1OcdDkAA,FcAA6xwOA7DA7JcOCcBw9KQPCkBB9TMPE1ExO1cTFbFxlbkZG1GQ29kdDbGS1FIdJUAA,Black Serpent Knight: Windcutter\\Hydro Tulpa\\Venti,Jadeplume Terrorshroom\\Keqing\\Kirara,1,0,4\\2,,,,TRUE,FALSE,NA,82,4,2
LS-Plus,Gren,86,301,FhDB8vwPIkAi9CUUIsFRTFcYFaFxioUaGOFRrsoeHIGh6IchGOJyHh0jI4JwOeEjDpAA,ApDB6sYOG6Ah9MgPHECB9rUPCGHgA44QCTHQ250dE7JhajYmDKGSC1IQJLFA1OkdDkAA,Consecrated Horned Crocodile\\Furina\\Lord of Eroded Primal Fire,Arlecchino\\Golden Wolflord\\Zhongli,1,0,4\\2,,,,TRUE,FALSE,NA,83,4,2
Pengu,Zenav,316,194,ARBg8QsPESCS8mYPJkBy9GcPCVBw9pcPDWGyAjcQDiIwauMmDqFAC+QQDrHQ1O0dD0AA,JnAi6AoOJYFgTJcUCcFxlVcZFVFx27cdG7JyHjQhI+FADcYQDNFgD9sQJfGwE+caDvAA,Klee\\Lyney\\Mona,Black Serpent Knight: Windcutter\\Hydro Hypostasis\\Ifa,0,1,4\\2,,,,TRUE,FALSE,NA,84,4,2
Doss,Tentia,646,156,I7KiWwoOJXBi5w0OCYBw6JcUFcFxTFcZG1FxlbcdI7FC2zQQDNEwDcMQDPFgD8YRDTAA,HTDg9AsPAUFiO2YTJrFilWccCUFwxJccE7ERyzMdE7Ex25MmGaIyah0mI7FwDOMQDsAA,Black Serpent Knight: Windcutter\\Dahlia\\Ifa,Klee\\Mavuika\\Mona,0,1,4\\2,,,,TRUE,FALSE,NA,85,4,2
Rafu,Zenav,126,194,FcAA6xwOA7DA7JcOCcBw9KQPCkBB9TMPE1ExO1cTFbFxlbkZG1GQ29kdDbGS1FIdJUAA,JnAi6AoOJYFgTJcUCcFxlVcZFVFx27cdG7JyHjQhI+FADcYQDNFgD9sQJfGwE+caDvAA,Jadeplume Terrorshroom\\Keqing\\Kirara,Black Serpent Knight: Windcutter\\Hydro Hypostasis\\Ifa,0,1,4\\3,,,,TRUE,FALSE,NA,86,4,3
Gren,Salchipapa,301,636,ApDB6sYOG6Ah9MgPHECB9rUPCGHgA44QCTHQ250dE7JhajYmDKGSC1IQJLFA1OkdDkAA,ADCy42AOAUBi8mYPJiBg9FIPJkBy+GMPCYFwlZcmE6JRazUmDbGQDNkQDcHiEDcRDgAA,Arlecchino\\Golden Wolflord\\Zhongli,Durin\\Klee\\Mona,1,0,4\\3,,,,TRUE,FALSE,NA,87,4,3
LS-Plus,Pengu,86,316,FhDB8vwPIkAi9CUUIsFRTFcYFaFxioUaGOFRrsoeHIGh6IchGOJyHh0jI4JwOeEjDpAA,ARBg8QsPESCS8mYPJkBy9GcPCVBw9pcPDWGyAjcQDiIwauMmDqFAC+QQDrHQ1O0dD0AA,Consecrated Horned Crocodile\\Furina\\Lord of Eroded Primal Fire,Klee\\Lyney\\Mona,1,0,4\\3,,,,TRUE,FALSE,NA,88,4,3
Tentia,eme_22,156,653,HTDg9AsPAUFiO2YTJrFilWccCUFwxJccE7ERyzMdE7Ex25MmGaIyah0mI7FwDOMQDsAA,AcCh5dUOA1Ai5mgOHWBx8dcPCRBw8pcPEyAx9FcPFUBx9ZMPGWEwO9kZDVGS1FIdJUAA,Klee\\Mavuika\\Mona,Fischl\\Sethos\\Yaoyao,1,0,4\\3,,,,TRUE,FALSE,NA,89,4,3
Doss,Maddox,646,678,I7KiWwoOJXBi5w0OCYBw6JcUFcFxTFcZG1FxlbcdI7FC2zQQDNEwDcMQDPFgD8YRDTAA,AUCQ4y0OHDBh9MgPHEGATIwUCMHA250dCbLQKr0iC6LQar8mC6HxCzYQE7Fi1B0dJEAA,Black Serpent Knight: Windcutter\\Dahlia\\Ifa,Albedo\\Arlecchino\\Dehya,0,1,4\\3,,,,TRUE,FALSE,NA,90,4,3
Birdy,Kawi,20,72,IICw6CYPJSBg8mIPJkCS9GkTCbFwO5cdCrFA26QgEzIxBjMgDWLialsmDqFw1OcdDkAA,ILGyikgYIqHBui4gCUJwBKQgE2IxBjMgGXIyBx0hJOJSHkUjD4JAR/QkEHGBEDsdE8AA,Black Serpent Knight: Windcutter\\Hydro Tulpa\\Venti,Flins\\Hydro Tulpa\\Ineffa,1,0,4\\3,,,,TRUE,FALSE,NA,91,4,3
Pengu,BYE,316,,ARBg8QsPESCS8mYPJkBy9GcPCVBw9pcPDWGyAjcQDiIwauMmDqFAC+QQDrHQ1O0dD0AA,,Klee\\Lyney\\Mona,,1,,4\\4,,TRUE,,,FALSE,NA,92,4,4
Kawi,Zenav,72,194,ILGyikgYIqHBui4gCUJwBKQgE2IxBjMgGXIyBx0hJOJSHkUjD4JAR/QkEHGBEDsdE8AA,JnAi6AoOJYFgTJcUCcFxlVcZFVFx27cdG7JyHjQhI+FADcYQDNFgD9sQJfGwE+caDvAA,Flins\\Hydro Tulpa\\Ineffa,Black Serpent Knight: Windcutter\\Hydro Hypostasis\\Ifa,0,1,4\\4,,,,TRUE,FALSE,NA,93,4,4
Gren,eme_22,301,653,ApDB6sYOG6Ah9MgPHECB9rUPCGHgA44QCTHQ250dE7JhajYmDKGSC1IQJLFA1OkdDkAA,AcCh5dUOA1Ai5mgOHWBx8dcPCRBw8pcPEyAx9FcPFUBx9ZMPGWEwO9kZDVGS1FIdJUAA,Arlecchino\\Golden Wolflord\\Zhongli,Fischl\\Sethos\\Yaoyao,0,1,4\\4,,,,TRUE,FALSE,NA,94,4,4
Maddox,LS-Plus,678,86,AUCQ4y0OHDBh9MgPHEGATIwUCMHA250dCbLQKr0iC6LQar8mC6HxCzYQE7Fi1B0dJEAA,FhDB8vwPIkAi9CUUIsFRTFcYFaFxioUaGOFRrsoeHIGh6IchGOJyHh0jI4JwOeEjDpAA,Albedo\\Arlecchino\\Dehya,Consecrated Horned Crocodile\\Furina\\Lord of Eroded Primal Fire,0,1,4\\4,,,,TRUE,FALSE,NA,95,4,4
Doss,Salchipapa,646,636,I7KiWwoOJXBi5w0OCYBw6JcUFcFxTFcZG1FxlbcdI7FC2zQQDNEwDcMQDPFgD8YRDTAA,ADCy42AOAUBi8mYPJiBg9FIPJkBy+GMPCYFwlZcmE6JRazUmDbGQDNkQDcHiEDcRDgAA,Black Serpent Knight: Windcutter\\Dahlia\\Ifa,Durin\\Klee\\Mona,1,0,4\\4,,,,TRUE,FALSE,NA,96,4,4
Tentia,Birdy,156,20,HTDg9AsPAUFiO2YTJrFilWccCUFwxJccE7ERyzMdE7Ex25MmGaIyah0mI7FwDOMQDsAA,IICw6CYPJSBg8mIPJkCS9GkTCbFwO5cdCrFA26QgEzIxBjMgDWLialsmDqFw1OcdDkAA,Klee\\Mavuika\\Mona,Black Serpent Knight: Windcutter\\Hydro Tulpa\\Venti,0,1,4\\4,,,,TRUE,FALSE,NA,97,4,4
Salchipapa,BYE,636,,ADCy42AOAUBi8mYPJiBg9FIPJkBy+GMPCYFwlZcmE6JRazUmDbGQDNkQDcHiEDcRDgAA,,Durin\\Klee\\Mona,,1,,4\\5,,TRUE,,,FALSE,NA,98,4,5
Doss,Kawi,646,72,I7KiWwoOJXBi5w0OCYBw6JcUFcFxTFcZG1FxlbcdI7FC2zQQDNEwDcMQDPFgD8YRDTAA,ILGyikgYIqHBui4gCUJwBKQgE2IxBjMgGXIyBx0hJOJSHkUjD4JAR/QkEHGBEDsdE8AA,Black Serpent Knight: Windcutter\\Dahlia\\Ifa,Flins\\Hydro Tulpa\\Ineffa,1,0,4\\5,,,,TRUE,FALSE,NA,99,4,5
Zenav,Tentia,194,156,JnAi6AoOJYFgTJcUCcFxlVcZFVFx27cdG7JyHjQhI+FADcYQDNFgD9sQJfGwE+caDvAA,HTDg9AsPAUFiO2YTJrFilWccCUFwxJccE7ERyzMdE7Ex25MmGaIyah0mI7FwDOMQDsAA,Black Serpent Knight: Windcutter\\Hydro Hypostasis\\Ifa,Klee\\Mavuika\\Mona,1,0,4\\5,,,,TRUE,FALSE,NA,100,4,5
Maddox,eme_22,678,653,AUCQ4y0OHDBh9MgPHEGATIwUCMHA250dCbLQKr0iC6LQar8mC6HxCzYQE7Fi1B0dJEAA,AcCh5dUOA1Ai5mgOHWBx8dcPCRBw8pcPEyAx9FcPFUBx9ZMPGWEwO9kZDVGS1FIdJUAA,Albedo\\Arlecchino\\Dehya,Fischl\\Sethos\\Yaoyao,0,1,4\\5,,,,TRUE,FALSE,NA,101,4,5
Pengu,Gren,316,301,ARBg8QsPESCS8mYPJkBy9GcPCVBw9pcPDWGyAjcQDiIwauMmDqFAC+QQDrHQ1O0dD0AA,ApDB6sYOG6Ah9MgPHECB9rUPCGHgA44QCTHQ250dE7JhajYmDKGSC1IQJLFA1OkdDkAA,Klee\\Lyney\\Mona,Arlecchino\\Golden Wolflord\\Zhongli,1,0,4\\5,,,,TRUE,FALSE,NA,102,4,5
Birdy,LS-Plus,20,86,IICw6CYPJSBg8mIPJkCS9GkTCbFwO5cdCrFA26QgEzIxBjMgDWLialsmDqFw1OcdDkAA,FhDB8vwPIkAi9CUUIsFRTFcYFaFxioUaGOFRrsoeHIGh6IchGOJyHh0jI4JwOeEjDpAA,Black Serpent Knight: Windcutter\\Hydro Tulpa\\Venti,Consecrated Horned Crocodile\\Furina\\Lord of Eroded Primal Fire,1,0,4\\5,,,,TRUE,FALSE,NA,103,4,5